neighbourhood,beds,yearly_revenue,availability_365,city
Bijlmer-Centrum,1.0,31412.090909090908,0.838480697384807,Amsterdam
Bijlmer-Centrum,2.0,49613.23529411765,0.8855761482675262,Amsterdam
Bijlmer-Centrum,3.0,40450.66666666666,0.5716894977168949,Amsterdam
Bijlmer-Centrum,4.0,82960.0,0.6712328767123288,Amsterdam
Bijlmer-Centrum,5.0,56160.0,0.9616438356164384,Amsterdam
Bijlmer-Oost,1.0,39130.36842105263,0.793943763518385,Amsterdam
Bijlmer-Oost,2.0,55470.16666666666,0.8694063926940638,Amsterdam
Bijlmer-Oost,3.0,54108.333333333336,0.9863013698630136,Amsterdam
Bijlmer-Oost,5.0,40750.0,0.5342465753424658,Amsterdam
Bos en Lommer,1.0,49656.62699530517,0.8745514180976268,Amsterdam
Bos en Lommer,2.0,71884.59094827586,0.8495984884270195,Amsterdam
Bos en Lommer,3.0,77554.04166666667,0.8700913242009132,Amsterdam
Bos en Lommer,4.0,64813.32058823529,0.7432715551974215,Amsterdam
Bos en Lommer,5.0,83585.0,1.0,Amsterdam
Bos en Lommer,6.0,38250.98333333331,0.3278538812785387,Amsterdam
Bos en Lommer,8.0,10080.0,0.4931506849315068,Amsterdam
Bos en Lommer,10.0,10560.0,0.4383561643835616,Amsterdam
Buitenveldert - Zuidas,1.0,45257.19565217391,0.816617033948779,Amsterdam
Buitenveldert - Zuidas,2.0,53971.85,0.7360273972602739,Amsterdam
Buitenveldert - Zuidas,3.0,69593.375,0.6534246575342466,Amsterdam
Buitenveldert - Zuidas,4.0,14000.0,0.1534246575342465,Amsterdam
Buitenveldert - Zuidas,5.0,87600.0,1.0,Amsterdam
Buitenveldert - Zuidas,6.0,90750.0,0.9945205479452056,Amsterdam
Buitenveldert - Zuidas,7.0,40419.0,0.2219178082191781,Amsterdam
Centrum-Oost,1.0,51876.71010362694,0.7062318120519554,Amsterdam
Centrum-Oost,2.0,80754.7350917431,0.7575468141259268,Amsterdam
Centrum-Oost,3.0,81175.02071428571,0.6913111545988259,Amsterdam
Centrum-Oost,4.0,81454.1951612903,0.7227574016791869,Amsterdam
Centrum-Oost,5.0,97018.21,0.6572602739726028,Amsterdam
Centrum-Oost,6.0,77565.5,0.6246575342465753,Amsterdam
Centrum-Oost,7.0,50764.99999999996,0.273972602739726,Amsterdam
Centrum-Oost,22.0,65486.84999999996,0.3534246575342465,Amsterdam
Centrum-West,1.0,57141.53686131387,0.7323817618238176,Amsterdam
Centrum-West,2.0,76931.09940711461,0.7150576641940549,Amsterdam
Centrum-West,3.0,97391.73670886074,0.7383041442691175,Amsterdam
Centrum-West,4.0,94700.59795918364,0.7042214145932345,Amsterdam
Centrum-West,5.0,70354.91818181815,0.4388542963885429,Amsterdam
Centrum-West,6.0,64034.91666666663,0.3557077625570776,Amsterdam
Centrum-West,7.0,80716.34999999995,0.4356164383561643,Amsterdam
De Aker - Nieuw Sloten,1.0,34727.575,0.6820091324200913,Amsterdam
De Aker - Nieuw Sloten,2.0,22434.08333333333,0.55,Amsterdam
De Aker - Nieuw Sloten,3.0,68278.57142857143,0.9162426614481408,Amsterdam
De Aker - Nieuw Sloten,4.0,86831.0,0.9041095890410958,Amsterdam
De Aker - Nieuw Sloten,5.0,136771.12499999994,0.9835616438356164,Amsterdam
De Aker - Nieuw Sloten,6.0,79447.22499999995,0.4287671232876712,Amsterdam
De Aker - Nieuw Sloten,12.0,98484.09999999992,0.5315068493150685,Amsterdam
De Baarsjes - Oud-West,1.0,57759.56849593495,0.8178898912276794,Amsterdam
De Baarsjes - Oud-West,2.0,80745.1207278481,0.8069100052020115,Amsterdam
De Baarsjes - Oud-West,3.0,92837.53131313132,0.8896637608966377,Amsterdam
De Baarsjes - Oud-West,4.0,86119.5823076923,0.829336143308746,Amsterdam
De Baarsjes - Oud-West,5.0,98005.27857142856,0.864187866927593,Amsterdam
De Baarsjes - Oud-West,6.0,123679.81666666664,0.9045662100456622,Amsterdam
De Baarsjes - Oud-West,7.0,149150.0,0.963013698630137,Amsterdam
De Baarsjes - Oud-West,17.0,88331.09999999993,0.4767123287671233,Amsterdam
De Pijp - Rivierenbuurt,1.0,61637.890702479344,0.7982282350277369,Amsterdam
De Pijp - Rivierenbuurt,2.0,82969.27936170212,0.7941358204605071,Amsterdam
De Pijp - Rivierenbuurt,3.0,92988.57670454544,0.8102117061021171,Amsterdam
De Pijp - Rivierenbuurt,4.0,93028.26951219513,0.8086201135983963,Amsterdam
De Pijp - Rivierenbuurt,5.0,84007.22857142855,0.8649706457925637,Amsterdam
De Pijp - Rivierenbuurt,6.0,124724.16249999998,0.9705479452054796,Amsterdam
De Pijp - Rivierenbuurt,7.0,121332.83749999997,0.9253424657534246,Amsterdam
De Pijp - Rivierenbuurt,8.0,120500.0,0.6602739726027397,Amsterdam
Gaasperdam - Driemond,1.0,19896.81481481481,0.6257737189244039,Amsterdam
Gaasperdam - Driemond,2.0,42103.75,0.7318493150684932,Amsterdam
Gaasperdam - Driemond,3.0,42871.142857142855,0.8093933463796478,Amsterdam
Gaasperdam - Driemond,4.0,56680.16666666666,0.7493150684931507,Amsterdam
Gaasperdam - Driemond,6.0,60550.0,0.947945205479452,Amsterdam
Geuzenveld - Slotermeer,1.0,33768.970588235294,0.6564867042707494,Amsterdam
Geuzenveld - Slotermeer,2.0,38446.208333333336,0.6628995433789954,Amsterdam
Geuzenveld - Slotermeer,3.0,68050.26666666666,0.9059360730593607,Amsterdam
Geuzenveld - Slotermeer,4.0,55810.66666666666,0.6605022831050228,Amsterdam
Geuzenveld - Slotermeer,5.0,72402.33333333333,0.9027397260273972,Amsterdam
Geuzenveld - Slotermeer,6.0,32870.0,0.473972602739726,Amsterdam
IJburg - Zeeburgereiland,1.0,35299.52,0.7813150684931507,Amsterdam
IJburg - Zeeburgereiland,2.0,58938.030303030304,0.7621419676214197,Amsterdam
IJburg - Zeeburgereiland,3.0,75657.61111111111,0.8277016742770167,Amsterdam
IJburg - Zeeburgereiland,4.0,88674.55999999998,0.7998173515981736,Amsterdam
IJburg - Zeeburgereiland,5.0,89179.54411764705,0.87767929089444,Amsterdam
IJburg - Zeeburgereiland,6.0,99549.02999999998,0.8942465753424657,Amsterdam
IJburg - Zeeburgereiland,7.0,124787.44999999995,0.8191780821917808,Amsterdam
IJburg - Zeeburgereiland,8.0,69361.0,0.3808219178082191,Amsterdam
IJburg - Zeeburgereiland,12.0,74688.0,0.5260273972602739,Amsterdam
IJburg - Zeeburgereiland,14.0,30082.0,0.2438356164383561,Amsterdam
IJburg - Zeeburgereiland,20.0,107621.79999999992,0.5808219178082191,Amsterdam
Noord-Oost,1.0,31858.085714285717,0.677573385518591,Amsterdam
Noord-Oost,2.0,51736.67857142857,0.7258317025440314,Amsterdam
Noord-Oost,3.0,60071.40740740741,0.8346017250126839,Amsterdam
Noord-Oost,4.0,58190.33947368421,0.7604902667627974,Amsterdam
Noord-Oost,5.0,80869.0,0.9610958904109588,Amsterdam
Noord-Oost,6.0,12978.666666666666,0.2694063926940638,Amsterdam
Noord-Oost,8.0,33171.0,0.4630136986301369,Amsterdam
Noord-West,1.0,37771.553846153845,0.7882402528977871,Amsterdam
Noord-West,2.0,55180.81888888889,0.8138203957382041,Amsterdam
Noord-West,3.0,67320.51,0.8292846270928462,Amsterdam
Noord-West,4.0,71391.03846153847,0.8424657534246576,Amsterdam
Noord-West,5.0,52441.5,0.6613013698630137,Amsterdam
Noord-West,6.0,43751.142857142855,0.6547945205479452,Amsterdam
Noord-West,7.0,66045.0,0.7095890410958904,Amsterdam
Oostelijk Havengebied - Indische Buurt,1.0,47164.66467065868,0.8207694200639817,Amsterdam
Oostelijk Havengebied - Indische Buurt,2.0,64680.04583333333,0.8280821917808219,Amsterdam
Oostelijk Havengebied - Indische Buurt,3.0,71086.07142857143,0.8612524461839529,Amsterdam
Oostelijk Havengebied - Indische Buurt,4.0,95967.7222222222,0.8136986301369863,Amsterdam
Oostelijk Havengebied - Indische Buurt,5.0,77686.75,0.9582191780821918,Amsterdam
Oostelijk Havengebied - Indische Buurt,6.0,91250.0,1.0,Amsterdam
Oostelijk Havengebied - Indische Buurt,18.0,182500.0,1.0,Amsterdam
Osdorp,1.0,40147.42083333333,0.7771689497716896,Amsterdam
Osdorp,2.0,38909.8,0.5859360730593608,Amsterdam
Osdorp,3.0,90350.0,0.7616438356164383,Amsterdam
Osdorp,4.0,64125.5,0.623972602739726,Amsterdam
Oud-Noord,1.0,43222.26232394367,0.7255064634381633,Amsterdam
Oud-Noord,2.0,61018.57833333333,0.8347945205479452,Amsterdam
Oud-Noord,3.0,78475.98404255319,0.827105800058292,Amsterdam
Oud-Noord,4.0,91334.18214285714,0.8708414872798433,Amsterdam
Oud-Noord,5.0,87115.88333333332,0.7525114155251142,Amsterdam
Oud-Noord,6.0,44999.833333333336,0.8730593607305936,Amsterdam
Oud-Noord,12.0,46848.0,0.2885844748858447,Amsterdam
Oud-Noord,13.0,41310.0,0.2465753424657534,Amsterdam
Oud-Noord,14.0,121328.34999999992,0.6547945205479452,Amsterdam
Oud-Noord,16.0,142649.6499999999,0.7698630136986301,Amsterdam
Oud-Noord,18.0,107114.14999999992,0.5780821917808219,Amsterdam
Oud-Noord,20.0,58379.74999999996,0.3150684931506849,Amsterdam
Oud-Noord,22.0,1015.2999999999992,0.0054794520547945,Amsterdam
Oud-Noord,24.0,130466.0499999999,0.7041095890410959,Amsterdam
Oud-Noord,26.0,78178.09999999995,0.421917808219178,Amsterdam
Oud-Noord,30.0,3553.549999999997,0.0191780821917808,Amsterdam
Oud-Noord,33.0,147218.49999999988,0.7945205479452054,Amsterdam
Oud-Oost,1.0,53926.807692307695,0.8261011591148577,Amsterdam
Oud-Oost,2.0,79676.48205128204,0.8273972602739726,Amsterdam
Oud-Oost,3.0,78955.49242424243,0.8481527604815275,Amsterdam
Oud-Oost,4.0,85421.43275862068,0.7826169107227209,Amsterdam
Oud-Oost,5.0,96611.0,0.7753424657534247,Amsterdam
Oud-Oost,6.0,82125.0,1.0,Amsterdam
Slotervaart,1.0,37760.741139240505,0.7833535633778395,Amsterdam
Slotervaart,2.0,66204.33333333333,0.7888698630136987,Amsterdam
Slotervaart,3.0,70370.125,0.8719178082191781,Amsterdam
Slotervaart,4.0,78956.62499999999,0.7895890410958903,Amsterdam
Slotervaart,5.0,86611.66666666667,0.9945205479452056,Amsterdam
Watergraafsmeer,1.0,45400.23333333333,0.8080669710806697,Amsterdam
Watergraafsmeer,2.0,69782.7475,0.7917808219178082,Amsterdam
Watergraafsmeer,3.0,78096.18918918919,0.8293224731580896,Amsterdam
Watergraafsmeer,4.0,89692.79137931032,0.8180444024563062,Amsterdam
Watergraafsmeer,5.0,112186.21666666665,0.8986301369863013,Amsterdam
Watergraafsmeer,6.0,97060.0,0.9575342465753424,Amsterdam
Watergraafsmeer,7.0,72400.0,0.9917808219178084,Amsterdam
Watergraafsmeer,8.0,107257.0,0.7753424657534247,Amsterdam
Watergraafsmeer,13.0,127510.0,0.852054794520548,Amsterdam
Westerpark,1.0,54316.10058823529,0.8118855761482676,Amsterdam
Westerpark,2.0,79644.58151260503,0.8266835501323818,Amsterdam
Westerpark,3.0,84192.50238095237,0.7994129158512719,Amsterdam
Westerpark,4.0,72857.89473684209,0.6658976207642394,Amsterdam
Westerpark,5.0,98983.33333333331,0.954337899543379,Amsterdam
Westerpark,6.0,91345.0,0.9493150684931508,Amsterdam
Westerpark,7.0,137802.0,0.978082191780822,Amsterdam
Westerpark,11.0,71585.0,0.6945205479452055,Amsterdam
Westerpark,16.0,95945.84999999992,0.5178082191780822,Amsterdam
Westerpark,26.0,73609.24999999994,0.3972602739726027,Amsterdam
Zuid,1.0,52235.67276264592,0.7445765151111349,Amsterdam
Zuid,2.0,73951.377734375,0.7796875,Amsterdam
Zuid,3.0,95928.56666666664,0.8324657534246576,Amsterdam
Zuid,4.0,108438.3976190476,0.8028049575994781,Amsterdam
Zuid,5.0,112510.65555555552,0.7165905631659056,Amsterdam
Zuid,6.0,133035.16249999998,0.8712328767123287,Amsterdam
Zuid,8.0,57399.27499999998,0.6068493150684932,Amsterdam
Alsergrund,1.0,14919.58981233244,0.735671526681112,Vienna
Alsergrund,2.0,17785.815668202766,0.5775519222271321,Vienna
Alsergrund,3.0,19648.762711864405,0.512143022985837,Vienna
Alsergrund,4.0,14130.02564102564,0.3312258517737969,Vienna
Alsergrund,5.0,21696.444444444445,0.380517503805175,Vienna
Alsergrund,6.0,14770.0,0.3079452054794521,Vienna
Alsergrund,7.0,22201.2,0.3008219178082192,Vienna
Alsergrund,8.0,26328.0,0.3232876712328767,Vienna
Brigittenau,1.0,12036.381147540984,0.5627217606108242,Vienna
Brigittenau,2.0,13494.440414507771,0.5256157285825821,Vienna
Brigittenau,3.0,14310.64705882353,0.3962933118452861,Vienna
Brigittenau,4.0,17105.571428571428,0.4818982387475538,Vienna
Brigittenau,5.0,26139.68421052632,0.4857966834895458,Vienna
Brigittenau,6.0,29200.0,1.0,Vienna
Brigittenau,7.0,17710.0,0.210958904109589,Vienna
Brigittenau,8.0,22064.0,0.3910958904109589,Vienna
Brigittenau,9.0,30903.33333333333,0.4977168949771689,Vienna
Brigittenau,13.0,38148.0,0.5123287671232877,Vienna
Brigittenau,14.0,36924.0,0.4958904109589041,Vienna
Brigittenau,18.0,43010.0,0.5123287671232877,Vienna
Donaustadt,1.0,11422.054054054051,0.4742539800074047,Vienna
Donaustadt,2.0,15984.323529411764,0.5311845286059629,Vienna
Donaustadt,3.0,17871.767441860466,0.4851863650844218,Vienna
Donaustadt,4.0,19943.222222222223,0.6041095890410959,Vienna
Donaustadt,5.0,33414.1,0.5495890410958904,Vienna
Donaustadt,6.0,55081.0,0.8184931506849316,Vienna
Donaustadt,7.0,18611.33333333333,0.5716894977168949,Vienna
Donaustadt,8.0,47561.5,0.6397260273972603,Vienna
Dbling,1.0,12820.300970873786,0.672536241521479,Vienna
Dbling,2.0,16915.10714285714,0.599184605348989,Vienna
Dbling,3.0,21377.72,0.5251506849315069,Vienna
Dbling,4.0,32837.142857142855,0.7324200913242008,Vienna
Dbling,5.0,25649.666666666668,0.4799086757990867,Vienna
Dbling,8.0,15180.0,0.1808219178082191,Vienna
Dbling,10.0,73715.0,0.8780821917808219,Vienna
Dbling,12.0,150.0,0.0027397260273972,Vienna
Favoriten,1.0,10775.51489361702,0.4615797143689886,Vienna
Favoriten,2.0,15479.683582089552,0.5292578204866081,Vienna
Favoriten,3.0,19661.2,0.4887279843444226,Vienna
Favoriten,4.0,15790.616666666669,0.407351598173516,Vienna
Favoriten,5.0,14279.125,0.3582191780821918,Vienna
Favoriten,6.0,27166.0,0.467351598173516,Vienna
Favoriten,7.0,28117.5,0.684931506849315,Vienna
Favoriten,8.0,15506.666666666666,0.2091324200913241,Vienna
Favoriten,12.0,20470.0,0.2438356164383561,Vienna
Floridsdorf,1.0,10140.5,0.5752409944190766,Vienna
Floridsdorf,2.0,9908.652173913044,0.3780424856065118,Vienna
Floridsdorf,3.0,19731.030303030304,0.4193441261934412,Vienna
Floridsdorf,4.0,24463.615384615383,0.6016859852476291,Vienna
Floridsdorf,5.0,5574.5,0.1171232876712328,Vienna
Floridsdorf,6.0,27621.0,0.7643835616438356,Vienna
Floridsdorf,13.0,83950.0,1.0,Vienna
Floridsdorf,28.0,1610.0,0.0191780821917808,Vienna
Hernals,1.0,10077.089041095893,0.6264402326890598,Vienna
Hernals,2.0,12488.510791366907,0.4994382576130876,Vienna
Hernals,3.0,18137.68181818182,0.5430261519302616,Vienna
Hernals,4.0,19554.117647058825,0.4984689766317486,Vienna
Hernals,5.0,21817.875,0.498972602739726,Vienna
Hernals,6.0,10703.333333333334,0.1899543378995433,Vienna
Hernals,7.0,20075.0,1.0,Vienna
Hernals,8.0,54053.0,0.7753424657534247,Vienna
Hietzing,1.0,10905.184615384616,0.5758482613277134,Vienna
Hietzing,2.0,14240.205128205129,0.5257463997190024,Vienna
Hietzing,3.0,23583.07692307692,0.5830347734457324,Vienna
Hietzing,4.0,24025.555555555555,0.4964992389649924,Vienna
Hietzing,8.0,53360.0,0.6356164383561644,Vienna
Innere Stadt,1.0,22553.056603773584,0.5238692168518997,Vienna
Innere Stadt,2.0,29321.91943127962,0.5138739206648055,Vienna
Innere Stadt,3.0,33539.92105263158,0.4817952415284787,Vienna
Innere Stadt,4.0,31054.121951219517,0.4382225192114934,Vienna
Innere Stadt,5.0,40197.066666666666,0.5112328767123288,Vienna
Innere Stadt,6.0,41988.0,0.5832876712328767,Vienna
Innere Stadt,7.0,29854.0,0.3556164383561644,Vienna
Innere Stadt,8.0,2530.0,0.0301369863013698,Vienna
Josefstadt,1.0,16288.436974789916,0.7629561413606538,Vienna
Josefstadt,2.0,23752.56043956044,0.6527773596266747,Vienna
Josefstadt,3.0,26457.666666666668,0.6081430745814308,Vienna
Josefstadt,4.0,20293.6,0.4852054794520548,Vienna
Josefstadt,5.0,37923.8,0.6673972602739726,Vienna
Josefstadt,6.0,44993.333333333336,0.9214611872146118,Vienna
Josefstadt,10.0,27000.0,0.3287671232876712,Vienna
Josefstadt,11.0,25070.0,0.2986301369863013,Vienna
Landstra§e,1.0,15224.44359464627,0.614662510804369,Vienna
Landstra§e,2.0,19235.098321342924,0.5460333103380309,Vienna
Landstra§e,3.0,21159.64383561644,0.4812159879902421,Vienna
Landstra§e,4.0,21297.04081632653,0.4932065977075762,Vienna
Landstra§e,5.0,27724.0625,0.4577054794520548,Vienna
Landstra§e,6.0,29520.666666666668,0.5905631659056316,Vienna
Landstra§e,7.0,83950.0,1.0,Vienna
Landstra§e,8.0,47830.333333333336,0.6091324200913242,Vienna
Landstra§e,12.0,28290.0,0.336986301369863,Vienna
Landstra§e,15.0,8050.0,0.0958904109589041,Vienna
Landstra§e,28.0,230.0,0.0027397260273972,Vienna
Leopoldstadt,1.0,13765.093444909344,0.5926826006381231,Vienna
Leopoldstadt,2.0,17513.755859375,0.5480308219178082,Vienna
Leopoldstadt,3.0,21406.866666666665,0.5145039435450394,Vienna
Leopoldstadt,4.0,24357.028985507248,0.5242803255906293,Vienna
Leopoldstadt,5.0,28942.17142857143,0.5086497064579256,Vienna
Leopoldstadt,6.0,36935.22222222222,0.7458143074581431,Vienna
Leopoldstadt,7.0,48367.75,0.8691780821917808,Vienna
Leopoldstadt,8.0,19856.666666666668,0.2365296803652967,Vienna
Leopoldstadt,10.0,4644.4,0.4312328767123288,Vienna
Leopoldstadt,12.0,18860.0,0.2246575342465753,Vienna
Leopoldstadt,16.0,8225.0,0.1589041095890411,Vienna
Liesing,1.0,19656.25,0.6810665362035225,Vienna
Liesing,2.0,16845.95,0.5958904109589042,Vienna
Liesing,3.0,17891.842105263157,0.5155010814708003,Vienna
Liesing,4.0,37355.0,0.663013698630137,Vienna
Liesing,5.0,29119.0,0.4342465753424657,Vienna
Liesing,6.0,34677.333333333336,0.9232876712328768,Vienna
Margareten,1.0,14009.810975609756,0.6720013364517207,Vienna
Margareten,2.0,15024.502183406114,0.5720045462702638,Vienna
Margareten,3.0,17954.846153846152,0.5015806111696522,Vienna
Margareten,4.0,28971.42857142857,0.703457273320287,Vienna
Margareten,5.0,33333.36842105263,0.6500360490266762,Vienna
Margareten,6.0,33445.055555555555,0.7987823439878234,Vienna
Margareten,7.0,48082.25,0.7328767123287672,Vienna
Margareten,8.0,31568.33333333333,0.5561643835616439,Vienna
Mariahilf,1.0,13853.003773584906,0.6303437580770225,Vienna
Mariahilf,2.0,18139.994011976047,0.5581658600607006,Vienna
Mariahilf,3.0,26347.032258064515,0.5536456031816174,Vienna
Mariahilf,4.0,32105.40740740741,0.5810248604769153,Vienna
Mariahilf,5.0,34617.22222222222,0.5312024353120244,Vienna
Mariahilf,6.0,22632.6,0.6038356164383561,Vienna
Mariahilf,9.0,25070.0,0.2986301369863013,Vienna
Mariahilf,11.0,28290.0,0.336986301369863,Vienna
Mariahilf,18.0,42780.0,0.5095890410958904,Vienna
Meidling,1.0,10637.458823529412,0.4872683319903304,Vienna
Meidling,2.0,14379.03829787234,0.506791023025357,Vienna
Meidling,3.0,15683.724137931034,0.4309400094473311,Vienna
Meidling,4.0,20795.666666666668,0.5211187214611872,Vienna
Meidling,5.0,22136.1,0.4838356164383561,Vienna
Meidling,6.0,27200.5,0.4808219178082192,Vienna
Meidling,7.0,33609.666666666664,0.6694063926940639,Vienna
Meidling,10.0,46920.0,0.5589041095890411,Vienna
Neubau,1.0,17342.101876675602,0.7379999265489001,Vienna
Neubau,2.0,22698.87610619469,0.6684931506849315,Vienna
Neubau,3.0,30762.75,0.7077625570776255,Vienna
Neubau,4.0,27725.29411764706,0.5497179693795327,Vienna
Neubau,5.0,44681.2,0.6306849315068492,Vienna
Neubau,6.0,20695.0,0.4264840182648401,Vienna
Neubau,7.0,57787.75,0.7404109589041096,Vienna
Neubau,8.0,8613.0,0.2383561643835616,Vienna
Neubau,9.0,3900.0,0.1424657534246575,Vienna
Neubau,14.0,40020.0,0.4767123287671233,Vienna
Ottakring,1.0,12012.184848484849,0.6664757160647571,Vienna
Ottakring,2.0,15400.467661691542,0.5913991685408574,Vienna
Ottakring,3.0,16676.128205128207,0.5349139445029856,Vienna
Ottakring,4.0,18678.82857142857,0.4590998043052838,Vienna
Ottakring,5.0,22735.222222222223,0.4812785388127854,Vienna
Ottakring,6.0,16768.333333333332,0.2557077625570775,Vienna
Ottakring,7.0,28841.0,0.4136986301369863,Vienna
Ottakring,8.0,5060.0,0.0602739726027397,Vienna
Ottakring,9.0,30775.5,0.6821917808219178,Vienna
Ottakring,11.0,37018.0,0.4547945205479452,Vienna
Ottakring,12.0,28750.0,0.3424657534246575,Vienna
Penzing,1.0,12196.368055555557,0.6318873668188737,Vienna
Penzing,2.0,11795.487394957983,0.5335328652008748,Vienna
Penzing,3.0,13736.542372881357,0.449965172974228,Vienna
Penzing,4.0,18317.56,0.4766027397260274,Vienna
Penzing,5.0,21279.0,0.473972602739726,Vienna
Penzing,6.0,12409.666666666666,0.3958904109589041,Vienna
Penzing,7.0,14129.5,0.210958904109589,Vienna
Penzing,10.0,56350.0,0.6712328767123288,Vienna
Rudolfsheim-Fnfhaus,1.0,13157.548235294118,0.6306526994359387,Vienna
Rudolfsheim-Fnfhaus,2.0,15522.119741100323,0.559232167398147,Vienna
Rudolfsheim-Fnfhaus,3.0,16889.284615384615,0.5103055848261328,Vienna
Rudolfsheim-Fnfhaus,4.0,14677.205128205129,0.3851071303126098,Vienna
Rudolfsheim-Fnfhaus,5.0,17437.0,0.4322678843226788,Vienna
Rudolfsheim-Fnfhaus,6.0,14066.0,0.336986301369863,Vienna
Rudolfsheim-Fnfhaus,7.0,36010.5,0.5342465753424658,Vienna
Rudolfsheim-Fnfhaus,8.0,21333.166666666668,0.3666666666666667,Vienna
Rudolfsheim-Fnfhaus,9.0,22955.33333333333,0.3378995433789954,Vienna
Rudolfsheim-Fnfhaus,10.0,17710.0,0.3410958904109589,Vienna
Rudolfsheim-Fnfhaus,12.0,13340.0,0.1589041095890411,Vienna
Rudolfsheim-Fnfhaus,15.0,5100.0,0.0821917808219178,Vienna
Rudolfsheim-Fnfhaus,16.0,3009.5,0.0863013698630137,Vienna
Simmering,1.0,10918.589041095893,0.5278663914430475,Vienna
Simmering,2.0,12424.18918918919,0.5217326915957052,Vienna
Simmering,3.0,20481.53125,0.4845034246575342,Vienna
Simmering,4.0,15936.166666666666,0.4374429223744292,Vienna
Simmering,5.0,15013.0,0.3136986301369863,Vienna
Simmering,6.0,10502.0,0.3232876712328767,Vienna
Simmering,7.0,2300.0,0.0273972602739726,Vienna
Simmering,8.0,13685.0,0.3260273972602739,Vienna
Wieden,1.0,14994.652,0.6552109589041095,Vienna
Wieden,2.0,18993.056338028167,0.5741076596565695,Vienna
Wieden,3.0,23675.340425531915,0.5473622850480909,Vienna
Wieden,4.0,36945.64,0.6442739726027397,Vienna
Wieden,5.0,40056.8,0.6328767123287671,Vienna
Wieden,6.0,26214.33333333333,0.6694063926940639,Vienna
Wieden,7.0,73600.0,0.8767123287671232,Vienna
Wieden,8.0,69690.0,0.8301369863013699,Vienna
Whring,1.0,14141.726708074537,0.7156640857653365,Vienna
Whring,2.0,14704.71153846154,0.6396469968387777,Vienna
Whring,3.0,21346.466666666667,0.6055707762557078,Vienna
Whring,4.0,16628.76,0.4755068493150685,Vienna
Whring,5.0,27022.0,0.5963470319634703,Vienna
Whring,6.0,9338.333333333334,0.3917808219178082,Vienna
Whring,7.0,12803.333333333334,0.1525114155251142,Vienna
Whring,8.0,26482.0,0.4772602739726027,Vienna
Adlershof,1.0,6516.5,0.3937377690802348,Berlin
Adlershof,2.0,64042.4375,0.8101027397260274,Berlin
Adlershof,3.0,43566.0,0.7506849315068493,Berlin
Adlershof,4.0,2301.0,0.0356164383561643,Berlin
Adlershof,5.0,12650.0,0.6931506849315069,Berlin
Albrechtstr.,1.0,11219.027777777776,0.6753424657534246,Berlin
Albrechtstr.,2.0,14762.714285714286,0.6407045009784736,Berlin
Albrechtstr.,3.0,19702.75,0.8102739726027397,Berlin
Albrechtstr.,4.0,19707.0,0.5057534246575343,Berlin
Albrechtstr.,7.0,27000.0,0.547945205479452,Berlin
Albrechtstr.,8.0,65740.0,0.947945205479452,Berlin
Alexanderplatz,1.0,20438.23703703704,0.5747336377473363,Berlin
Alexanderplatz,2.0,29626.926829268294,0.5922084864684263,Berlin
Alexanderplatz,3.0,34673.873239436616,0.556280146633224,Berlin
Alexanderplatz,4.0,32146.20408163265,0.4576460721274811,Berlin
Alexanderplatz,5.0,24572.727272727272,0.3382316313823163,Berlin
Alexanderplatz,6.0,39471.82051282052,0.5286968739023533,Berlin
Alexanderplatz,7.0,20549.555555555555,0.224048706240487,Berlin
Alexanderplatz,8.0,41204.88888888889,0.4882800608828006,Berlin
Allende-Viertel,1.0,15568.0,0.9123287671232876,Berlin
Allende-Viertel,2.0,15100.0,0.8273972602739726,Berlin
Alt  Treptow,1.0,20354.854545454546,0.8434371108343711,Berlin
Alt  Treptow,2.0,36034.95,0.9226027397260274,Berlin
Alt  Treptow,3.0,42631.25,0.9794520547945206,Berlin
Alt  Treptow,4.0,31040.25,0.876027397260274,Berlin
Alt  Treptow,5.0,33489.75,0.8582191780821918,Berlin
Alt  Treptow,6.0,63875.0,1.0,Berlin
Alt  Treptow,7.0,36500.0,1.0,Berlin
Alt-Hohenschönhausen Nord,1.0,13716.0,0.7873972602739725,Berlin
Alt-Hohenschönhausen Nord,2.0,15652.0,0.471917808219178,Berlin
Alt-Hohenschönhausen Nord,3.0,284.0,0.0027397260273972,Berlin
Alt-Hohenschönhausen Süd,1.0,14266.5,0.5415525114155251,Berlin
Alt-Hohenschönhausen Süd,2.0,21399.2,0.6794520547945205,Berlin
Alt-Hohenschönhausen Süd,3.0,11305.5,0.1267123287671233,Berlin
Alt-Hohenschönhausen Süd,5.0,49275.0,1.0,Berlin
Alt-Lichtenberg,1.0,14972.34375,0.8084760273972603,Berlin
Alt-Lichtenberg,2.0,12026.181818181818,0.6792029887920299,Berlin
Alt-Lichtenberg,3.0,19504.0,0.5561643835616439,Berlin
Alt-Lichtenberg,4.0,51100.0,1.0,Berlin
Alt-Lichtenberg,5.0,18980.0,1.0,Berlin
Alt-Lichtenberg,6.0,20436.5,0.5452054794520548,Berlin
Altglienicke,1.0,13923.666666666666,0.6757990867579909,Berlin
Altglienicke,2.0,19807.6,0.7704109589041096,Berlin
Altglienicke,3.0,23031.0,0.6986301369863014,Berlin
Altglienicke,4.0,16425.0,1.0,Berlin
Altstadt-Kietz,1.0,8856.0,0.4493150684931506,Berlin
Altstadt-Kietz,2.0,36416.66666666666,0.8913242009132419,Berlin
Altstadt-Kietz,3.0,9108.0,0.2712328767123287,Berlin
Barstraße,1.0,10546.6,0.5423561643835617,Berlin
Barstraße,2.0,14987.9,0.5898630136986301,Berlin
Barstraße,3.0,29565.0,1.0,Berlin
Barstraße,4.0,36408.0,0.673972602739726,Berlin
Barstraße,10.0,64184.0,0.6191780821917808,Berlin
Baumschulenweg,1.0,13266.5,0.8533001245330012,Berlin
Baumschulenweg,2.0,16473.3,0.7320547945205479,Berlin
Baumschulenweg,3.0,16531.25,0.7363013698630136,Berlin
Baumschulenweg,7.0,37728.0,0.4232876712328767,Berlin
Biesdorf,1.0,11524.615384615385,0.6939936775553214,Berlin
Biesdorf,2.0,11321.0,0.5767123287671233,Berlin
Biesdorf,3.0,5861.333333333333,0.4200913242009133,Berlin
Biesdorf,4.0,13476.0,0.6392694063926941,Berlin
Biesdorf,6.0,11315.0,1.0,Berlin
Biesdorf,7.0,66220.0,0.8246575342465754,Berlin
Biesdorf,8.0,26040.0,0.3397260273972602,Berlin
Blankenburg/Heinersdorf/Märchenland,1.0,5873.25,0.3856164383561644,Berlin
Blankenburg/Heinersdorf/Märchenland,2.0,23258.166666666668,0.6127853881278539,Berlin
Blankenburg/Heinersdorf/Märchenland,3.0,19058.0,0.5167123287671233,Berlin
Blankenburg/Heinersdorf/Märchenland,6.0,20360.0,0.763013698630137,Berlin
Blankenfelde/Niederschönhausen,1.0,18412.043478260868,0.676235854675402,Berlin
Blankenfelde/Niederschönhausen,2.0,19518.11111111111,0.6350076103500761,Berlin
Blankenfelde/Niederschönhausen,3.0,17140.0,0.3808219178082191,Berlin
Blankenfelde/Niederschönhausen,4.0,41325.0,0.9821917808219178,Berlin
Blankenfelde/Niederschönhausen,5.0,55930.0,0.9013698630136986,Berlin
Blankenfelde/Niederschönhausen,9.0,26080.0,0.4205479452054794,Berlin
Blankenfelde/Niederschönhausen,16.0,42210.0,0.5506849315068493,Berlin
Bohnsdorf,1.0,18790.5,0.3150684931506849,Berlin
Bohnsdorf,2.0,7874.0,0.3821917808219178,Berlin
Bohnsdorf,3.0,20799.666666666668,0.5255707762557078,Berlin
Bohnsdorf,4.0,6510.0,0.2547945205479452,Berlin
Britz,1.0,14528.241379310344,0.7233821445441663,Berlin
Britz,2.0,28050.69230769231,0.7393045310853529,Berlin
Britz,3.0,19191.666666666668,0.6748858447488584,Berlin
Britz,4.0,39762.0,0.6904109589041096,Berlin
Britz,8.0,19594.0,0.2767123287671232,Berlin
Brunnenstr. Nord,1.0,22658.545454545456,0.6779299847792999,Berlin
Brunnenstr. Nord,2.0,27330.51219512195,0.5935182091546942,Berlin
Brunnenstr. Nord,3.0,28590.054054054053,0.4020733061828951,Berlin
Brunnenstr. Nord,4.0,66950.33333333333,0.9744292237442924,Berlin
Brunnenstr. Nord,5.0,54810.0,0.5753424657534246,Berlin
Brunnenstr. Nord,6.0,44377.0,0.5452054794520548,Berlin
Brunnenstr. Nord,7.0,42693.0,0.4315068493150685,Berlin
Brunnenstr. Süd,1.0,25972.11111111111,0.7392389649923896,Berlin
Brunnenstr. Süd,2.0,30888.828767123287,0.6300431600675549,Berlin
Brunnenstr. Süd,3.0,36339.256410256414,0.4914646996838778,Berlin
Brunnenstr. Süd,4.0,35288.05,0.5875342465753425,Berlin
Brunnenstr. Süd,5.0,60565.9,0.7745205479452054,Berlin
Brunnenstr. Süd,6.0,62618.333333333336,0.8958904109589041,Berlin
Brunnenstr. Süd,8.0,86620.0,0.8356164383561644,Berlin
Brunnenstr. Süd,9.0,80940.0,0.7808219178082192,Berlin
Brunnenstr. Süd,10.0,11928.0,0.1150684931506849,Berlin
Brunsbütteler Damm,1.0,12978.4,0.7068493150684931,Berlin
Brunsbütteler Damm,2.0,6912.0,0.2803652968036529,Berlin
Brunsbütteler Damm,3.0,48.5,0.0027397260273972,Berlin
Brunsbütteler Damm,4.0,54.5,0.0027397260273972,Berlin
Brunsbütteler Damm,5.0,2106.0,0.1068493150684931,Berlin
Brunsbütteler Damm,6.0,180.0,0.0054794520547945,Berlin
Buch,1.0,5056.666666666667,0.2045662100456621,Berlin
Buch,2.0,8288.0,0.6671232876712329,Berlin
Buch,3.0,7564.0,0.4136986301369863,Berlin
Buch,4.0,10152.0,0.2958904109589041,Berlin
Buchholz,1.0,15268.666666666666,0.7876712328767124,Berlin
Buchholz,2.0,10655.666666666666,0.4602739726027397,Berlin
Buchholz,3.0,20742.571428571428,0.299412915851272,Berlin
Buchholz,4.0,24238.0,0.4885844748858448,Berlin
Buchholz,5.0,18276.0,0.273972602739726,Berlin
Buckow,1.0,9352.916666666666,0.2801369863013698,Berlin
Buckow,3.0,14337.0,0.5671232876712329,Berlin
Buckow Nord,1.0,10590.666666666666,0.469406392694064,Berlin
Buckow Nord,2.0,12292.5,0.6863013698630137,Berlin
Charlottenburg Nord,1.0,11549.0,0.5378995433789955,Berlin
Charlottenburg Nord,2.0,10400.0,0.547945205479452,Berlin
Dammvorstadt,1.0,23578.714285714286,0.8344422700587084,Berlin
Dammvorstadt,2.0,18404.8,0.7265753424657534,Berlin
Dammvorstadt,3.0,18773.666666666668,0.6712328767123288,Berlin
Dammvorstadt,4.0,23624.33333333333,0.4465753424657534,Berlin
Dammvorstadt,6.0,59040.0,0.8986301369863013,Berlin
Drakestr.,1.0,18217.1,0.516986301369863,Berlin
Drakestr.,2.0,10207.75,0.3417808219178082,Berlin
Drakestr.,3.0,15714.166666666666,0.3228310502283105,Berlin
Drakestr.,4.0,25722.0,0.2867579908675799,Berlin
Drakestr.,5.0,50836.0,0.4904109589041096,Berlin
Drakestr.,6.0,6900.0,0.0821917808219178,Berlin
Düsseldorfer Straße,1.0,17128.55681818182,0.475560398505604,Berlin
Düsseldorfer Straße,2.0,21553.94827586207,0.5304676428908833,Berlin
Düsseldorfer Straße,3.0,26032.76923076923,0.5154899894625922,Berlin
Düsseldorfer Straße,4.0,37033.66666666666,0.5680365296803653,Berlin
Düsseldorfer Straße,5.0,32485.0,1.0,Berlin
Düsseldorfer Straße,7.0,53824.0,0.6356164383561644,Berlin
Falkenhagener Feld,1.0,6832.25,0.3931506849315068,Berlin
Falkenhagener Feld,2.0,20322.5,0.9013698630136986,Berlin
Falkenhagener Feld,6.0,11400.0,0.2082191780821917,Berlin
Fennpfuhl,1.0,16503.928571428572,0.8835616438356164,Berlin
Fennpfuhl,2.0,11978.333333333334,0.6694063926940639,Berlin
Fennpfuhl,3.0,17334.0,0.8794520547945206,Berlin
Fennpfuhl,4.0,63022.0,0.8561643835616438,Berlin
Forst Grunewald,1.0,21560.0,0.3013698630136986,Berlin
Forst Grunewald,2.0,33753.666666666664,0.6264840182648401,Berlin
Frankfurter Allee Nord,1.0,17387.56081081081,0.8245279526101444,Berlin
Frankfurter Allee Nord,2.0,23999.87777777778,0.6935159817351598,Berlin
Frankfurter Allee Nord,3.0,36844.44,0.7280000000000001,Berlin
Frankfurter Allee Nord,4.0,25884.0,0.64906600249066,Berlin
Frankfurter Allee Nord,5.0,14638.8,0.2476712328767122,Berlin
Frankfurter Allee Nord,6.0,40618.0,0.5397260273972603,Berlin
Frankfurter Allee Nord,7.0,18018.0,0.1808219178082191,Berlin
Frankfurter Allee Nord,8.0,45562.0,0.5972602739726027,Berlin
Frankfurter Allee Süd,1.0,21874.23076923077,0.905795574288725,Berlin
Frankfurter Allee Süd,2.0,15908.8,0.7221917808219178,Berlin
Frankfurter Allee Süd,3.0,34580.0,0.8602739726027397,Berlin
Frankfurter Allee Süd,5.0,37829.0,0.5726027397260274,Berlin
Frankfurter Allee Süd,7.0,102240.0,0.9863013698630136,Berlin
Frankfurter Allee Süd FK,1.0,20665.085714285717,0.7730489236790606,Berlin
Frankfurter Allee Süd FK,2.0,29845.544378698225,0.7174839912458458,Berlin
Frankfurter Allee Süd FK,3.0,37377.7,0.6821461187214612,Berlin
Frankfurter Allee Süd FK,4.0,28835.533333333333,0.6305022831050228,Berlin
Frankfurter Allee Süd FK,5.0,24402.14285714286,0.3590998043052837,Berlin
Frankfurter Allee Süd FK,6.0,16481.571428571428,0.1796477495107631,Berlin
Frankfurter Allee Süd FK,8.0,8520.0,0.0821917808219178,Berlin
Frankfurter Allee Süd FK,10.0,26844.0,0.3159817351598173,Berlin
Friedenau,1.0,19131.081632653066,0.7712608331003634,Berlin
Friedenau,2.0,32605.42857142857,0.8887149380300066,Berlin
Friedenau,3.0,47766.0,0.7846575342465753,Berlin
Friedenau,4.0,9007.75,0.4184931506849315,Berlin
Friedenau,6.0,53025.0,0.8301369863013699,Berlin
Friedenau,8.0,4960.0,0.1698630136986301,Berlin
Friedrichsfelde Nord,1.0,6966.75,0.7304794520547945,Berlin
Friedrichsfelde Nord,2.0,11722.6,0.6032876712328766,Berlin
Friedrichsfelde Nord,3.0,20270.33333333333,0.5762557077625571,Berlin
Friedrichsfelde Nord,4.0,35566.0,0.7156773211567732,Berlin
Friedrichsfelde Nord,5.0,66000.0,0.9041095890410958,Berlin
Friedrichsfelde Süd,1.0,13569.375,0.7636986301369864,Berlin
Friedrichsfelde Süd,2.0,13718.333333333334,0.5360730593607306,Berlin
Friedrichsfelde Süd,4.0,54750.0,1.0,Berlin
Friedrichshagen,1.0,10432.90909090909,0.3840597758405977,Berlin
Friedrichshagen,2.0,25377.0,0.5846575342465754,Berlin
Friedrichshagen,3.0,22350.0,0.410958904109589,Berlin
Friedrichshagen,4.0,8810.0,0.1438356164383561,Berlin
Friedrichshagen,5.0,28853.0,0.6054794520547945,Berlin
Friedrichshagen,7.0,8736.0,0.2493150684931507,Berlin
Friedrichshagen,8.0,34675.0,1.0,Berlin
Gatow / Kladow,1.0,15430.142857142857,0.6669275929549903,Berlin
Gatow / Kladow,2.0,12250.0,0.5794520547945206,Berlin
Gatow / Kladow,3.0,8486.666666666666,0.273972602739726,Berlin
Gropiusstadt,1.0,11759.833333333334,0.697716894977169,Berlin
Gropiusstadt,2.0,5850.0,0.2465753424657534,Berlin
Gropiusstadt,3.0,15070.0,0.7506849315068493,Berlin
Grunewald,1.0,17328.5,0.697869101978691,Berlin
Grunewald,2.0,25925.222222222223,0.6964992389649924,Berlin
Grunewald,3.0,38880.4,0.663013698630137,Berlin
Grunewald,4.0,32775.0,0.9452054794520548,Berlin
Grunewald,5.0,8700.0,0.1904109589041095,Berlin
Grunewald,6.0,44148.5,0.7246575342465753,Berlin
Grünau,1.0,7300.0,1.0,Berlin
Grünau,2.0,8199.125,0.3143835616438356,Berlin
Grünau,4.0,59926.0,0.989041095890411,Berlin
Hakenfelde,1.0,11473.0,0.7063013698630137,Berlin
Hakenfelde,2.0,14395.0,0.4178082191780822,Berlin
Hakenfelde,4.0,20350.0,0.5068493150684932,Berlin
Hakenfelde,5.0,9125.0,1.0,Berlin
Hakenfelde,6.0,20252.0,0.9095890410958904,Berlin
Halensee,1.0,15712.15625,0.5700342465753425,Berlin
Halensee,2.0,20919.0,0.5988584474885845,Berlin
Halensee,3.0,17804.0,0.4591780821917808,Berlin
Halensee,4.0,11612.666666666666,0.2465753424657534,Berlin
Halensee,5.0,15058.0,0.6575342465753424,Berlin
Halensee,6.0,102524.0,0.989041095890411,Berlin
Haselhorst,1.0,2464.0,0.1534246575342465,Berlin
Haselhorst,4.0,20395.0,0.3363013698630137,Berlin
Haselhorst,5.0,4750.0,0.0520547945205479,Berlin
Heerstrasse,1.0,11467.6,0.5835616438356165,Berlin
Heerstrasse,2.0,19153.83333333333,0.4853881278538812,Berlin
Heerstrasse,3.0,38639.25,0.7589041095890411,Berlin
Heerstrasse,4.0,16177.75,0.3178082191780822,Berlin
Heerstrasse,6.0,93436.0,0.9013698630136986,Berlin
Heerstrasse,7.0,78084.0,0.8876712328767123,Berlin
Heerstrasse,8.0,18176.0,0.1753424657534246,Berlin
Heerstraße Nord,1.0,14279.555555555557,0.7165905631659056,Berlin
Heerstraße Nord,2.0,25863.5,0.7732876712328767,Berlin
Heerstraße Nord,3.0,1800.0,0.0246575342465753,Berlin
Hellersdorf-Nord,1.0,4959.75,0.3253424657534247,Berlin
Hellersdorf-Nord,2.0,5627.0,0.0561643835616438,Berlin
Hellersdorf-Nord,3.0,5755.5,0.0575342465753424,Berlin
Hellersdorf-Nord,5.0,39060.0,0.7643835616438356,Berlin
Hellersdorf-Nord,6.0,46035.0,0.7643835616438356,Berlin
Hellersdorf-Süd,1.0,2660.0,0.3643835616438356,Berlin
Helmholtzplatz,1.0,18157.34188034188,0.726776724036998,Berlin
Helmholtzplatz,2.0,26167.473684210527,0.7467435712569095,Berlin
Helmholtzplatz,3.0,29121.05,0.5823287671232877,Berlin
Helmholtzplatz,4.0,23543.1875,0.3818493150684932,Berlin
Helmholtzplatz,5.0,45938.2,0.6657534246575343,Berlin
Helmholtzplatz,6.0,31847.25,0.3171232876712329,Berlin
Helmholtzplatz,7.0,24424.0,0.2356164383561644,Berlin
Johannisthal,1.0,13432.777777777776,0.6882800608828006,Berlin
Johannisthal,2.0,10083.57142857143,0.4896281800391389,Berlin
Johannisthal,3.0,12333.0,0.4794520547945205,Berlin
Johannisthal,4.0,5355.0,0.1726027397260274,Berlin
Johannisthal,5.0,12194.0,0.4986301369863014,Berlin
Kantstraße,1.0,20484.647058823528,0.6862745098039216,Berlin
Kantstraße,2.0,26155.70588235294,0.5903303787268332,Berlin
Kantstraße,3.0,36093.22222222222,0.6316590563165906,Berlin
Kantstraße,4.0,39556.0,0.8671232876712329,Berlin
Kantstraße,5.0,53520.0,0.6109589041095891,Berlin
Kantstraße,6.0,103660.0,1.0,Berlin
Karl-Marx-Allee-Nord,1.0,23227.29292929293,0.8449425764494258,Berlin
Karl-Marx-Allee-Nord,2.0,28970.13157894737,0.7258832011535687,Berlin
Karl-Marx-Allee-Nord,3.0,42517.81818181818,0.7449564134495641,Berlin
Karl-Marx-Allee-Nord,4.0,30074.5,0.3698630136986301,Berlin
Karl-Marx-Allee-Nord,5.0,45422.66666666666,0.6776255707762556,Berlin
Karl-Marx-Allee-Nord,6.0,8612.0,0.1178082191780822,Berlin
Karl-Marx-Allee-Nord,7.0,4180.0,0.0602739726027397,Berlin
Karl-Marx-Allee-Süd,1.0,18816.56557377049,0.6377722883449359,Berlin
Karl-Marx-Allee-Süd,2.0,27524.367346938776,0.7206038579815488,Berlin
Karl-Marx-Allee-Süd,3.0,27506.25,0.4931506849315068,Berlin
Karl-Marx-Allee-Süd,4.0,25301.090909090908,0.4201743462017435,Berlin
Karl-Marx-Allee-Süd,5.0,30003.0,0.5006849315068493,Berlin
Karl-Marx-Allee-Süd,6.0,37006.11111111111,0.5245053272450533,Berlin
Karl-Marx-Allee-Süd,7.0,11632.666666666666,0.467579908675799,Berlin
Karl-Marx-Allee-Süd,8.0,27659.0,0.5657534246575342,Berlin
Karl-Marx-Allee-Süd,10.0,11462.0,0.1945205479452054,Berlin
Karlshorst,1.0,9440.5,0.5937377690802349,Berlin
Karlshorst,2.0,16028.3,0.5375342465753424,Berlin
Karlshorst,3.0,36965.66666666666,0.9077625570776257,Berlin
Karlshorst,4.0,31755.0,0.6,Berlin
Karlshorst,5.0,44319.0,0.6493150684931507,Berlin
Karlshorst,6.0,51414.0,0.4972602739726027,Berlin
Karlshorst,7.0,25185.0,1.0,Berlin
Karow,1.0,6843.0,0.4123287671232877,Berlin
Karow,3.0,25298.0,0.4986301369863014,Berlin
Karow,4.0,27505.0,0.491324200913242,Berlin
Karow,7.0,36000.0,0.9863013698630136,Berlin
Kaulsdorf,1.0,18460.0,0.9461187214611873,Berlin
Kaulsdorf,2.0,12407.333333333334,0.7182648401826485,Berlin
Kaulsdorf,3.0,20230.0,0.4657534246575342,Berlin
Kaulsdorf,4.0,13635.0,0.2767123287671232,Berlin
Kaulsdorf,8.0,68985.0,1.0,Berlin
Kurfürstendamm,1.0,23195.072727272727,0.6395018679950186,Berlin
Kurfürstendamm,2.0,31088.676470588234,0.6170024174053184,Berlin
Kurfürstendamm,3.0,36301.5,0.6513698630136986,Berlin
Kurfürstendamm,4.0,47475.333333333336,0.6155251141552511,Berlin
Kurfürstendamm,5.0,47412.0,0.4703196347031963,Berlin
Kurfürstendamm,9.0,63758.0,0.6150684931506849,Berlin
Kölln. Vorstadt/Spindlersf.,1.0,11508.8,0.5134246575342466,Berlin
Kölln. Vorstadt/Spindlersf.,2.0,25662.0,0.7479452054794521,Berlin
Kölln. Vorstadt/Spindlersf.,7.0,7980.0,0.0821917808219178,Berlin
Köllnische Heide,1.0,13358.785714285714,0.7649706457925636,Berlin
Köllnische Heide,2.0,15855.888888888889,0.4377473363774734,Berlin
Köllnische Heide,5.0,55600.0,0.7616438356164383,Berlin
Köllnische Heide,6.0,6816.0,0.0657534246575342,Berlin
Köpenick-Nord,1.0,8422.8,0.6142465753424657,Berlin
Köpenick-Nord,2.0,17425.0,0.6828767123287671,Berlin
Köpenick-Nord,3.0,11200.0,0.3835616438356164,Berlin
Köpenick-Nord,4.0,25286.0,0.736986301369863,Berlin
Köpenick-Nord,5.0,46200.0,0.8438356164383561,Berlin
Köpenick-Süd,1.0,11784.25,0.7805479452054794,Berlin
Köpenick-Süd,2.0,6540.0,0.4182648401826483,Berlin
Köpenick-Süd,3.0,3388.0,0.0383561643835616,Berlin
Lankwitz,1.0,11448.166666666666,0.7198630136986301,Berlin
Lankwitz,2.0,11891.0,0.7171232876712329,Berlin
Lichtenrade,1.0,12710.42857142857,0.4583170254403131,Berlin
Lichtenrade,2.0,12542.0,0.4980821917808219,Berlin
Lichtenrade,3.0,8126.333333333333,0.2356164383561644,Berlin
Lichtenrade,4.0,19531.5,0.5705479452054795,Berlin
MV 1,1.0,15863.4,0.6975342465753425,Berlin
MV 1,4.0,2784.0,0.1315068493150684,Berlin
MV 2,1.0,7940.4,0.4345205479452054,Berlin
MV 2,2.0,14171.0,0.4565068493150685,Berlin
MV 2,3.0,20742.6,0.524931506849315,Berlin
Mahlsdorf,1.0,17720.333333333332,0.8228310502283105,Berlin
Mahlsdorf,2.0,13042.142857142857,0.512720156555773,Berlin
Mahlsdorf,3.0,8553.666666666666,0.3625570776255708,Berlin
Mahlsdorf,4.0,26699.83333333333,0.7424657534246575,Berlin
Mahlsdorf,5.0,25840.0,0.7452054794520548,Berlin
"Malchow, Wartenberg und Falkenberg",1.0,14664.0,0.3863013698630137,Berlin
"Malchow, Wartenberg und Falkenberg",3.0,10934.0,0.3890410958904109,Berlin
"Malchow, Wartenberg und Falkenberg",4.0,14170.0,0.3561643835616438,Berlin
Mariendorf,1.0,22342.64285714286,0.9062622309197652,Berlin
Mariendorf,2.0,18894.375,0.8106164383561644,Berlin
Mariendorf,3.0,24195.0,0.673972602739726,Berlin
Mariendorf,4.0,45500.0,0.958904109589041,Berlin
Mariendorf,6.0,4784.0,0.0712328767123287,Berlin
Mariendorf,7.0,18468.0,0.3506849315068493,Berlin
Mariendorf,9.0,13774.0,0.1328767123287671,Berlin
Mariendorf,11.0,17608.0,0.1698630136986301,Berlin
Marienfelde,1.0,14575.2,0.8526027397260274,Berlin
Marienfelde,2.0,23769.0,0.5712328767123288,Berlin
Marzahn-Mitte,1.0,5976.75,0.7726027397260274,Berlin
Marzahn-Mitte,3.0,7810.0,0.1945205479452054,Berlin
Marzahn-Süd,1.0,6317.75,0.247945205479452,Berlin
Marzahn-Süd,2.0,20279.85714285714,0.5585127201565557,Berlin
Marzahn-Süd,4.0,18924.5,0.4232876712328767,Berlin
Marzahn-Süd,5.0,5278.0,0.0794520547945205,Berlin
Marzahn-Süd,7.0,5712.0,0.0657534246575342,Berlin
Marzahn-Süd,8.0,10224.0,0.0986301369863013,Berlin
Mierendorffplatz,1.0,11585.1875,0.7190068493150685,Berlin
Mierendorffplatz,2.0,21224.13333333333,0.6935159817351598,Berlin
Mierendorffplatz,3.0,37853.66666666666,0.6027397260273972,Berlin
Mierendorffplatz,4.0,24057.0,0.6657534246575343,Berlin
Mierendorffplatz,6.0,25050.0,0.915068493150685,Berlin
Moabit Ost,1.0,17890.655172413793,0.7414029286726499,Berlin
Moabit Ost,2.0,23612.55102040816,0.7269220016773832,Berlin
Moabit Ost,3.0,30457.176470588234,0.6697824335213537,Berlin
Moabit Ost,4.0,27594.6,0.6586301369863014,Berlin
Moabit Ost,5.0,38034.0,0.5848069738480698,Berlin
Moabit Ost,6.0,43664.66666666666,0.5666666666666667,Berlin
Moabit Ost,7.0,25875.0,0.3150684931506849,Berlin
Moabit West,1.0,13962.025316455696,0.6983526963759321,Berlin
Moabit West,2.0,19484.468085106382,0.5893325561060916,Berlin
Moabit West,3.0,24219.714285714286,0.4864970645792564,Berlin
Moabit West,4.0,29804.25,0.5657534246575342,Berlin
Moabit West,5.0,32710.11111111111,0.5792998477929985,Berlin
Moabit West,6.0,44213.71428571428,0.639921722113503,Berlin
Moabit West,7.0,87915.0,0.8794520547945206,Berlin
Moabit West,8.0,85500.0,0.936986301369863,Berlin
Moabit West,10.0,76964.0,0.7424657534246575,Berlin
Moabit West,11.0,8775.0,0.3041095890410959,Berlin
Moabit West,14.0,39060.0,0.3835616438356164,Berlin
Moabit West,15.0,5680.0,0.0547945205479452,Berlin
Moabit West,16.0,98915.0,1.0,Berlin
Müggelheim,1.0,31106.0,0.3716894977168949,Berlin
Müggelheim,2.0,6093.666666666667,0.3899543378995434,Berlin
Müggelheim,3.0,9577.333333333334,0.2283105022831049,Berlin
Müggelheim,4.0,37914.0,0.5013698630136987,Berlin
Müggelheim,5.0,91250.0,1.0,Berlin
Neu Lichtenberg,1.0,13856.310344827589,0.795465281058101,Berlin
Neu Lichtenberg,2.0,23341.375,0.9251712328767124,Berlin
Neu Lichtenberg,3.0,27740.727272727272,0.7013698630136986,Berlin
Neu Lichtenberg,4.0,32334.8,0.5643835616438356,Berlin
Neu Lichtenberg,5.0,6501.142857142857,0.1084148727984344,Berlin
Neu Lichtenberg,8.0,28116.0,0.2712328767123287,Berlin
Neu-Hohenschönhausen Nord,1.0,31025.0,1.0,Berlin
Neu-Hohenschönhausen Nord,2.0,315.0,0.0246575342465753,Berlin
Neu-Hohenschönhausen Süd,1.0,18705.33333333333,0.9315068493150684,Berlin
Neue Kantstraße,1.0,16226.938775510203,0.6990774391948561,Berlin
Neue Kantstraße,2.0,22482.391304347828,0.6858844550327575,Berlin
Neue Kantstraße,3.0,49818.444444444445,0.7811263318112632,Berlin
Neue Kantstraße,4.0,11853.0,0.2429223744292238,Berlin
Neue Kantstraße,5.0,54730.0,0.626027397260274,Berlin
Neue Kantstraße,9.0,62946.0,0.6410958904109589,Berlin
Neuköllner Mitte/Zentrum,1.0,17466.755868544602,0.8390893305035694,Berlin
Neuköllner Mitte/Zentrum,2.0,22145.569444444445,0.790144596651446,Berlin
Neuköllner Mitte/Zentrum,3.0,24201.17391304348,0.5213817748659917,Berlin
Neuköllner Mitte/Zentrum,4.0,39187.90909090909,0.5790784557907845,Berlin
Neuköllner Mitte/Zentrum,5.0,46235.4,0.7704109589041096,Berlin
Neuköllner Mitte/Zentrum,6.0,8520.0,0.0821917808219178,Berlin
Neuköllner Mitte/Zentrum,7.0,41329.0,0.4630136986301369,Berlin
Neuköllner Mitte/Zentrum,9.0,20732.0,0.2,Berlin
Niederschöneweide,1.0,19698.83333333333,0.7696347031963471,Berlin
Niederschöneweide,2.0,21064.285714285717,0.476320939334638,Berlin
Niederschöneweide,3.0,19251.0,0.4821917808219178,Berlin
Niederschöneweide,4.0,12348.0,0.428310502283105,Berlin
Niederschöneweide,5.0,1980.0,0.0376712328767123,Berlin
Nord 1,1.0,12492.111111111111,0.6721461187214611,Berlin
Nord 1,2.0,13540.625,0.4482876712328767,Berlin
Nord 1,3.0,22518.33333333333,0.7671232876712328,Berlin
Nord 1,4.0,22003.33333333333,0.4383561643835616,Berlin
Nord 2,1.0,9267.6,0.5038356164383562,Berlin
Nord 2,2.0,15264.833333333334,0.7114155251141553,Berlin
Nord 2,4.0,42500.0,0.9315068493150684,Berlin
Oberschöneweide,1.0,22726.727272727272,0.8816936488169365,Berlin
Oberschöneweide,2.0,12133.333333333334,0.3538812785388127,Berlin
Oberschöneweide,3.0,54501.66666666666,0.935159817351598,Berlin
Oberschöneweide,4.0,40831.75,0.7335616438356164,Berlin
Oberschöneweide,6.0,53392.0,0.5150684931506849,Berlin
Osloer Straße,1.0,14629.964285714286,0.7795172863666014,Berlin
Osloer Straße,2.0,18096.791666666668,0.796689497716895,Berlin
Osloer Straße,3.0,28262.85714285714,0.628375733855186,Berlin
Osloer Straße,4.0,42443.333333333336,0.6721461187214611,Berlin
Osloer Straße,5.0,43952.0,0.7342465753424657,Berlin
Osloer Straße,6.0,33689.333333333336,0.6027397260273972,Berlin
Osloer Straße,8.0,5691.0,0.0575342465753424,Berlin
Osloer Straße,17.0,4544.0,0.0438356164383561,Berlin
Ost 1,1.0,14971.53846153846,0.7734457323498419,Berlin
Ost 1,2.0,15690.285714285714,0.6356164383561644,Berlin
Ost 1,3.0,16060.0,1.0,Berlin
Ost 1,4.0,4849.0,0.1287671232876712,Berlin
Ost 1,6.0,39560.0,0.4712328767123288,Berlin
Ost 2,1.0,13341.695652173914,0.6041691483025611,Berlin
Ost 2,2.0,19969.14285714286,0.6465753424657534,Berlin
Ost 2,3.0,11998.666666666666,0.5442922374429223,Berlin
Ost 2,4.0,18605.0,0.8356164383561644,Berlin
Ost 2,11.0,31290.0,0.5753424657534246,Berlin
Ostpreußendamm,1.0,11775.29411764706,0.5775987107171635,Berlin
Ostpreußendamm,2.0,5035.5,0.2095890410958904,Berlin
Ostpreußendamm,3.0,11700.0,0.7123287671232876,Berlin
Ostpreußendamm,4.0,29915.0,0.7424657534246575,Berlin
Ostpreußendamm,5.0,68402.0,0.9671232876712328,Berlin
Ostpreußendamm,11.0,94572.0,0.9123287671232876,Berlin
Ostpreußendamm,17.0,103660.0,1.0,Berlin
Otto-Suhr-Allee,1.0,14457.489130434782,0.5384455032757595,Berlin
Otto-Suhr-Allee,2.0,36418.61111111111,0.741400304414003,Berlin
Otto-Suhr-Allee,3.0,20806.470588235294,0.4112812248186946,Berlin
Otto-Suhr-Allee,4.0,22908.0,0.7541095890410959,Berlin
Otto-Suhr-Allee,5.0,39270.25,0.6273972602739726,Berlin
Otto-Suhr-Allee,6.0,70811.0,0.8041095890410959,Berlin
Pankow Süd,1.0,16003.509433962265,0.8648229516670974,Berlin
Pankow Süd,2.0,26797.52,0.7397260273972602,Berlin
Pankow Süd,3.0,46814.88888888889,0.813089802130898,Berlin
Pankow Süd,4.0,35277.6,0.7468493150684932,Berlin
Pankow Süd,5.0,41120.333333333336,0.897716894977169,Berlin
Pankow Süd,6.0,8804.0,0.084931506849315,Berlin
Pankow Süd,8.0,54060.0,0.6986301369863014,Berlin
Pankow Zentrum,1.0,14054.953488372092,0.6433258999681427,Berlin
Pankow Zentrum,2.0,29563.545454545456,0.7465753424657534,Berlin
Pankow Zentrum,3.0,62585.2,0.9063013698630136,Berlin
Pankow Zentrum,4.0,45050.333333333336,0.7726027397260274,Berlin
Pankow Zentrum,5.0,68634.0,0.9643835616438357,Berlin
Pankow Zentrum,6.0,11076.0,0.1068493150684931,Berlin
Pankow Zentrum,7.0,15000.0,0.1643835616438356,Berlin
Pankow Zentrum,10.0,103660.0,1.0,Berlin
Pankow Zentrum,11.0,38908.0,0.3753424657534246,Berlin
Parkviertel,1.0,12368.858695652174,0.779988088147707,Berlin
Parkviertel,2.0,22085.46875,0.7209760273972603,Berlin
Parkviertel,3.0,27642.0,0.8051750380517505,Berlin
Parkviertel,4.0,17260.25,0.4421232876712329,Berlin
Parkviertel,5.0,26153.0,0.5205479452054794,Berlin
Plänterwald,1.0,18869.29411764706,0.8082191780821918,Berlin
Plänterwald,2.0,27588.11111111111,0.7780821917808219,Berlin
Plänterwald,3.0,32850.0,1.0,Berlin
Plänterwald,4.0,18425.0,0.5684931506849316,Berlin
Plänterwald,6.0,89661.0,0.9945205479452056,Berlin
Prenzlauer Berg Nord,1.0,17073.132743362832,0.7586374105952236,Berlin
Prenzlauer Berg Nord,2.0,17981.9,0.5831232876712329,Berlin
Prenzlauer Berg Nord,3.0,37033.6875,0.6594178082191781,Berlin
Prenzlauer Berg Nord,4.0,34859.25,0.672945205479452,Berlin
Prenzlauer Berg Nord,5.0,41281.6,0.5868493150684931,Berlin
Prenzlauer Berg Nord,6.0,29333.5,0.8410958904109589,Berlin
Prenzlauer Berg Nordwest,1.0,18660.18857142857,0.713518590998043,Berlin
Prenzlauer Berg Nordwest,2.0,28120.21794871795,0.6330523357920619,Berlin
Prenzlauer Berg Nordwest,3.0,31678.75,0.7631849315068493,Berlin
Prenzlauer Berg Nordwest,4.0,35706.0,0.512133072407045,Berlin
Prenzlauer Berg Nordwest,5.0,60939.75,0.6986301369863014,Berlin
Prenzlauer Berg Nordwest,6.0,85936.66666666667,0.9863013698630136,Berlin
Prenzlauer Berg Nordwest,12.0,54528.0,0.5260273972602739,Berlin
Prenzlauer Berg Ost,1.0,19955.385542168675,0.8164053474170655,Berlin
Prenzlauer Berg Ost,2.0,32899.86363636364,0.823785803237858,Berlin
Prenzlauer Berg Ost,3.0,41836.38461538462,0.7795574288724973,Berlin
Prenzlauer Berg Ost,4.0,34800.7,0.6219178082191781,Berlin
Prenzlauer Berg Ost,5.0,25197.0,0.4301369863013699,Berlin
Prenzlauer Berg Süd,1.0,24024.659722222223,0.7714421613394217,Berlin
Prenzlauer Berg Süd,2.0,28735.17142857143,0.7215264187866929,Berlin
Prenzlauer Berg Süd,3.0,38185.0,0.6171232876712329,Berlin
Prenzlauer Berg Süd,4.0,36912.05882352941,0.6009669621273167,Berlin
Prenzlauer Berg Süd,5.0,28689.571428571428,0.3726027397260274,Berlin
Prenzlauer Berg Süd,6.0,24311.0,0.2568493150684932,Berlin
Prenzlauer Berg Süd,8.0,9940.0,0.0958904109589041,Berlin
Prenzlauer Berg Süd,9.0,79094.0,0.763013698630137,Berlin
Prenzlauer Berg Süd,10.0,48000.0,0.5260273972602739,Berlin
Prenzlauer Berg Süd,12.0,7210.0,0.0958904109589041,Berlin
Prenzlauer Berg Südwest,1.0,29550.09146341464,0.7136986301369863,Berlin
Prenzlauer Berg Südwest,2.0,37397.62376237624,0.7040553370405532,Berlin
Prenzlauer Berg Südwest,3.0,52388.74193548387,0.6684931506849315,Berlin
Prenzlauer Berg Südwest,4.0,34901.84615384616,0.5370916754478399,Berlin
Prenzlauer Berg Südwest,5.0,48731.833333333336,0.6273972602739726,Berlin
Prenzlauer Berg Südwest,6.0,53156.66666666666,0.6219178082191781,Berlin
Prenzlauer Berg Südwest,7.0,35182.5,0.4986301369863014,Berlin
Prenzlauer Berg Südwest,10.0,70716.0,0.6821917808219178,Berlin
Rahnsdorf/Hessenwinkel,1.0,18988.5,0.5917808219178082,Berlin
Rahnsdorf/Hessenwinkel,2.0,10844.375,0.4356164383561643,Berlin
Rahnsdorf/Hessenwinkel,3.0,12334.4,0.2936986301369862,Berlin
Rahnsdorf/Hessenwinkel,4.0,14386.0,0.3260273972602739,Berlin
Rahnsdorf/Hessenwinkel,5.0,10700.0,0.2931506849315068,Berlin
Rahnsdorf/Hessenwinkel,6.0,33379.0,0.5643835616438356,Berlin
Rahnsdorf/Hessenwinkel,7.0,35405.0,1.0,Berlin
Regierungsviertel,1.0,27404.160714285717,0.7389432485322897,Berlin
Regierungsviertel,2.0,32977.34090909091,0.7123910336239103,Berlin
Regierungsviertel,3.0,43053.1,0.7136986301369863,Berlin
Regierungsviertel,4.0,44494.55555555556,0.649923896499239,Berlin
Regierungsviertel,5.0,45314.0,0.8931506849315068,Berlin
Regierungsviertel,11.0,6935.0,1.0,Berlin
Reuterstraße,1.0,21344.94181818182,0.8891556662515567,Berlin
Reuterstraße,2.0,26616.83,0.8259726027397261,Berlin
Reuterstraße,3.0,34918.13636363636,0.7093399750933996,Berlin
Reuterstraße,4.0,30547.81818181818,0.7454545454545456,Berlin
Reuterstraße,5.0,12592.8,0.5063013698630138,Berlin
Reuterstraße,6.0,19340.666666666668,0.678082191780822,Berlin
Reuterstraße,7.0,24944.0,0.3315068493150685,Berlin
Reuterstraße,8.0,19600.0,0.6356164383561644,Berlin
Reuterstraße,12.0,32376.0,0.3123287671232876,Berlin
Reuterstraße,19.0,1431.0,0.1452054794520547,Berlin
Reuterstraße,24.0,1134.0,0.1150684931506849,Berlin
Reuterstraße,26.0,1215.0,0.1232876712328767,Berlin
Reuterstraße,29.0,5116.5,0.5191780821917809,Berlin
Rixdorf,1.0,17652.66028708134,0.8994953136265321,Berlin
Rixdorf,2.0,25484.676056338027,0.857457071194289,Berlin
Rixdorf,3.0,29960.6,0.8553424657534247,Berlin
Rixdorf,4.0,34830.0,0.9821917808219178,Berlin
Rixdorf,5.0,36500.0,1.0,Berlin
Rixdorf,6.0,20566.0,0.2493150684931507,Berlin
Rixdorf,7.0,19880.0,0.1917808219178082,Berlin
Rudow,1.0,12836.357142857143,0.6851272015655577,Berlin
Rudow,2.0,6879.666666666667,0.2998477929984779,Berlin
Rudow,3.0,18675.5,0.5780821917808219,Berlin
Rudow,4.0,2100.0,0.0575342465753424,Berlin
Rudow,5.0,7473.75,0.2164383561643835,Berlin
Rudow,8.0,56653.0,0.8575342465753425,Berlin
Rummelsburger Bucht,1.0,31305.5,0.7981164383561644,Berlin
Rummelsburger Bucht,2.0,33839.181818181816,0.8366127023661271,Berlin
Rummelsburger Bucht,3.0,39145.0,0.7191780821917808,Berlin
Rummelsburger Bucht,4.0,69447.0,0.910958904109589,Berlin
Rummelsburger Bucht,5.0,28080.0,0.4273972602739726,Berlin
Rummelsburger Bucht,6.0,76650.0,1.0,Berlin
Rummelsburger Bucht,8.0,48280.0,0.4657534246575342,Berlin
Schillerpromenade,1.0,18921.84117647059,0.8264141821112007,Berlin
Schillerpromenade,2.0,30725.51724137931,0.8760037789324516,Berlin
Schillerpromenade,3.0,30784.3125,0.8003424657534246,Berlin
Schillerpromenade,4.0,46232.4,0.8252054794520548,Berlin
Schillerpromenade,5.0,41827.0,0.5853881278538813,Berlin
Schillerpromenade,6.0,63773.0,0.8082191780821918,Berlin
Schillerpromenade,7.0,65856.0,0.9205479452054794,Berlin
Schloß Charlottenburg,1.0,12246.142857142857,0.5725048923679061,Berlin
Schloß Charlottenburg,2.0,12927.40909090909,0.6322540473225405,Berlin
Schloß Charlottenburg,3.0,19244.42857142857,0.560078277886497,Berlin
Schloß Charlottenburg,4.0,49129.0,1.0,Berlin
Schloß Charlottenburg,5.0,5510.75,0.0582191780821917,Berlin
Schloß Charlottenburg,6.0,12582.5,0.3089041095890411,Berlin
Schloß Charlottenburg,9.0,9372.0,0.0904109589041095,Berlin
Schloßstr.,1.0,16040.473684210529,0.7162220620043259,Berlin
Schloßstr.,2.0,16352.933333333332,0.6608219178082192,Berlin
Schloßstr.,3.0,37212.5,0.6342465753424658,Berlin
Schloßstr.,4.0,62750.0,0.6876712328767123,Berlin
Schloßstr.,16.0,103660.0,1.0,Berlin
Schmargendorf,1.0,17049.777777777777,0.7689497716894977,Berlin
Schmargendorf,2.0,17380.363636363636,0.4722291407222914,Berlin
Schmargendorf,3.0,22374.0,0.2712328767123287,Berlin
Schmargendorf,4.0,9325.0,0.1972602739726027,Berlin
Schmargendorf,5.0,25900.0,0.5068493150684932,Berlin
Schmöckwitz/Karolinenhof/Rauchfangswerder,1.0,15149.166666666666,0.4315068493150685,Berlin
Schmöckwitz/Karolinenhof/Rauchfangswerder,2.0,16631.333333333332,0.9424657534246575,Berlin
Schmöckwitz/Karolinenhof/Rauchfangswerder,3.0,5847.8,0.2054794520547945,Berlin
Schmöckwitz/Karolinenhof/Rauchfangswerder,4.0,13755.0,0.1602739726027397,Berlin
Schmöckwitz/Karolinenhof/Rauchfangswerder,7.0,44320.0,0.7589041095890411,Berlin
Schmöckwitz/Karolinenhof/Rauchfangswerder,8.0,29252.0,0.2821917808219178,Berlin
Schmöckwitz/Karolinenhof/Rauchfangswerder,11.0,37488.0,0.3616438356164383,Berlin
Schöneberg-Nord,1.0,20026.42564102564,0.6660344221988057,Berlin
Schöneberg-Nord,2.0,29298.57647058824,0.6843190975020145,Berlin
Schöneberg-Nord,3.0,30034.736842105263,0.6012977649603461,Berlin
Schöneberg-Nord,4.0,28045.0,0.565068493150685,Berlin
Schöneberg-Nord,5.0,49100.0,0.7479452054794521,Berlin
Schöneberg-Nord,6.0,103660.0,1.0,Berlin
Schöneberg-Nord,7.0,99684.0,0.9616438356164384,Berlin
Schöneberg-Nord,8.0,25208.0,0.5671232876712329,Berlin
Schöneberg-Süd,1.0,17333.165289256198,0.7702026491565719,Berlin
Schöneberg-Süd,2.0,25449.66,0.6929315068493151,Berlin
Schöneberg-Süd,3.0,31603.25,0.6182191780821918,Berlin
Schöneberg-Süd,4.0,37731.444444444445,0.6062404870624049,Berlin
Schöneberg-Süd,5.0,24444.5,0.2863013698630137,Berlin
Schöneberg-Süd,6.0,17217.0,0.3628180039138943,Berlin
Schöneberg-Süd,8.0,63527.5,0.726027397260274,Berlin
Schöneberg-Süd,9.0,45440.0,0.4383561643835616,Berlin
Schöneberg-Süd,10.0,52824.0,0.5095890410958904,Berlin
Schöneberg-Süd,14.0,83780.0,0.8082191780821918,Berlin
Schönholz/Wilhelmsruh/Rosenthal,1.0,10664.166666666666,0.7853881278538813,Berlin
Schönholz/Wilhelmsruh/Rosenthal,2.0,32839.28571428572,0.7847358121330724,Berlin
Schönholz/Wilhelmsruh/Rosenthal,4.0,87756.0,0.8465753424657534,Berlin
Schönholz/Wilhelmsruh/Rosenthal,5.0,49050.0,0.8958904109589041,Berlin
Schönholz/Wilhelmsruh/Rosenthal,7.0,64616.0,0.8986301369863013,Berlin
Siemensstadt,1.0,9508.5,0.4118721461187214,Berlin
Siemensstadt,2.0,14600.0,1.0,Berlin
Siemensstadt,3.0,8120.0,0.1589041095890411,Berlin
Siemensstadt,4.0,3366.0,0.0602739726027397,Berlin
Spandau Mitte,1.0,8417.181818181818,0.3636363636363636,Berlin
Spandau Mitte,2.0,9447.142857142857,0.2998043052837573,Berlin
Spandau Mitte,3.0,1745.4,0.0197260273972602,Berlin
Spandau Mitte,10.0,34364.0,0.3315068493150685,Berlin
Südliche Friedrichstadt,1.0,18970.853448275862,0.7231931979215871,Berlin
Südliche Friedrichstadt,2.0,26794.11111111111,0.6230593607305935,Berlin
Südliche Friedrichstadt,3.0,37867.04,0.6263013698630137,Berlin
Südliche Friedrichstadt,4.0,42473.28571428572,0.5718199608610568,Berlin
Südliche Friedrichstadt,6.0,40220.333333333336,0.6392694063926941,Berlin
Südliche Friedrichstadt,7.0,70290.0,0.678082191780822,Berlin
Teltower Damm,1.0,13667.57142857143,0.6093933463796477,Berlin
Teltower Damm,2.0,13347.285714285714,0.6547945205479452,Berlin
Teltower Damm,3.0,5460.0,0.0712328767123287,Berlin
Teltower Damm,4.0,20149.0,0.5243835616438356,Berlin
Teltower Damm,5.0,20075.0,1.0,Berlin
Tempelhof,1.0,20802.02173913044,0.8146515783204288,Berlin
Tempelhof,2.0,23994.641025641027,0.7902353354408149,Berlin
Tempelhof,3.0,28307.11111111111,0.5990867579908675,Berlin
Tempelhof,4.0,62462.5,0.7972602739726027,Berlin
Tempelhof,5.0,31299.6,0.5243835616438356,Berlin
Tempelhof,6.0,33360.0,0.5753424657534246,Berlin
Tempelhof,7.0,25234.0,0.2838356164383562,Berlin
Tempelhof,8.0,70750.0,0.7753424657534247,Berlin
Tempelhof,9.0,29536.0,0.284931506849315,Berlin
Tempelhof,10.0,30388.0,0.2931506849315068,Berlin
Tempelhof,11.0,82076.0,0.7917808219178082,Berlin
Tempelhof,12.0,18176.0,0.1753424657534246,Berlin
Tempelhof,15.0,38624.0,0.3726027397260274,Berlin
Tempelhofer Vorstadt,1.0,19370.707520891367,0.772343267066051,Berlin
Tempelhofer Vorstadt,2.0,30331.485294117647,0.7511684125705077,Berlin
Tempelhofer Vorstadt,3.0,33647.36956521739,0.6515783204288267,Berlin
Tempelhofer Vorstadt,4.0,32035.20833333333,0.4934931506849315,Berlin
Tempelhofer Vorstadt,5.0,61090.333333333336,0.8538812785388128,Berlin
Tempelhofer Vorstadt,6.0,28186.3,0.4893150684931506,Berlin
Tempelhofer Vorstadt,7.0,9372.0,0.0904109589041095,Berlin
Tempelhofer Vorstadt,8.0,25159.25,0.4349315068493151,Berlin
Tempelhofer Vorstadt,9.0,9798.0,0.0945205479452054,Berlin
Tempelhofer Vorstadt,10.0,103660.0,1.0,Berlin
Tempelhofer Vorstadt,22.0,18250.0,1.0,Berlin
Tiergarten Süd,1.0,23749.710144927536,0.695850704784594,Berlin
Tiergarten Süd,2.0,22073.8,0.5593737769080235,Berlin
Tiergarten Süd,3.0,40007.5,0.5325342465753424,Berlin
Tiergarten Süd,4.0,29507.5,0.9849315068493152,Berlin
Tiergarten Süd,5.0,33919.0,0.8849315068493151,Berlin
Tiergarten Süd,6.0,60875.5,0.7958904109589041,Berlin
Tiergarten Süd,7.0,34310.0,1.0,Berlin
Tiergarten Süd,8.0,60690.0,0.978082191780822,Berlin
Tiergarten Süd,9.0,71808.0,0.9643835616438357,Berlin
Tiergarten Süd,11.0,71326.66666666667,0.7077625570776255,Berlin
Tiergarten Süd,12.0,96844.0,0.9342465753424658,Berlin
Tiergarten Süd,14.0,85440.0,0.8767123287671232,Berlin
Volkspark Wilmersdorf,1.0,15352.19642857143,0.6469667318982387,Berlin
Volkspark Wilmersdorf,2.0,24714.791666666668,0.6035388127853881,Berlin
Volkspark Wilmersdorf,3.0,39957.0,0.7701120797011208,Berlin
Volkspark Wilmersdorf,4.0,35411.666666666664,0.5926940639269407,Berlin
Volkspark Wilmersdorf,6.0,17616.666666666668,0.421917808219178,Berlin
Volkspark Wilmersdorf,11.0,103660.0,1.0,Berlin
Wedding Zentrum,1.0,13445.47619047619,0.8226353555120678,Berlin
Wedding Zentrum,2.0,22066.424242424244,0.8633457866334578,Berlin
Wedding Zentrum,3.0,36256.92307692308,0.6158061116965227,Berlin
Wedding Zentrum,4.0,44225.125,0.6599315068493151,Berlin
Wedding Zentrum,5.0,49082.333333333336,0.6009132420091324,Berlin
Wedding Zentrum,6.0,74172.66666666667,0.7730593607305937,Berlin
Weißensee,1.0,19289.762711864405,0.7592755978639424,Berlin
Weißensee,2.0,21232.59259259259,0.6601725012683917,Berlin
Weißensee,3.0,20693.8,0.4445205479452054,Berlin
Weißensee,4.0,26648.8,0.5985388127853881,Berlin
Weißensee,5.0,35372.5,0.4452054794520548,Berlin
Weißensee,6.0,12620.0,0.1712328767123287,Berlin
Weißensee,7.0,17542.0,0.2684931506849315,Berlin
Weißensee,10.0,31808.0,0.3068493150684931,Berlin
Weißensee Ost,1.0,10942.0,0.6554794520547945,Berlin
Weißensee Ost,2.0,18894.0,0.6155251141552511,Berlin
Weißensee Ost,3.0,11042.5,0.5726027397260274,Berlin
West 1,1.0,8487.5,0.2952054794520548,Berlin
West 1,2.0,10862.666666666666,0.4867579908675798,Berlin
West 2,1.0,3189.0,0.1278538812785388,Berlin
West 2,2.0,7567.25,0.4698630136986301,Berlin
West 2,3.0,11271.25,0.4006849315068493,Berlin
West 2,4.0,10150.0,0.1589041095890411,Berlin
West 2,5.0,65520.0,0.9972602739726028,Berlin
West 3,1.0,12327.75,0.5821917808219178,Berlin
West 3,2.0,16464.666666666668,0.5178082191780822,Berlin
West 3,3.0,840.0,0.0191780821917808,Berlin
West 4,1.0,9426.166666666666,0.5981735159817352,Berlin
West 4,2.0,13825.666666666666,0.7406392694063927,Berlin
West 5,1.0,15030.42857142857,0.6653620352250489,Berlin
West 5,2.0,6356.25,0.3458904109589041,Berlin
West 5,3.0,4760.0,0.0767123287671232,Berlin
Westend,1.0,17376.157894736843,0.6561643835616439,Berlin
Westend,2.0,16886.947368421053,0.6272530641672674,Berlin
Westend,3.0,37330.0,0.8173515981735159,Berlin
Westend,4.0,41595.2,0.5671232876712329,Berlin
Westend,5.0,11640.0,0.2657534246575342,Berlin
Wiesbadener Straße,1.0,9246.866666666669,0.6,Berlin
Wiesbadener Straße,2.0,5554.6,0.2438356164383561,Berlin
Wiesbadener Straße,3.0,64725.0,0.7623287671232877,Berlin
Wiesbadener Straße,4.0,56077.5,0.6095890410958904,Berlin
Wiesbadener Straße,5.0,52390.0,0.926027397260274,Berlin
Wilhelmstadt,1.0,8310.5,0.3756164383561644,Berlin
Wilhelmstadt,2.0,12291.666666666666,0.6210045662100456,Berlin
Wilhelmstadt,3.0,2150.0,0.1315068493150684,Berlin
Wilhelmstadt,4.0,3832.714285714286,0.1600782778864971,Berlin
Wilhelmstadt,5.0,1909.1666666666667,0.0666666666666666,Berlin
Zehlendorf  Nord,1.0,24472.84,0.7603287671232877,Berlin
Zehlendorf  Nord,2.0,19655.75,0.6530821917808219,Berlin
Zehlendorf  Nord,3.0,27425.0,0.5874755381604696,Berlin
Zehlendorf  Nord,4.0,37755.333333333336,0.6182648401826484,Berlin
Zehlendorf  Nord,5.0,13320.0,0.3041095890410959,Berlin
Zehlendorf  Nord,6.0,46346.5,0.7904109589041096,Berlin
Zehlendorf  Südwest,1.0,15091.8125,0.6484589041095891,Berlin
Zehlendorf  Südwest,2.0,25273.14285714286,0.6305283757338552,Berlin
Zehlendorf  Südwest,3.0,33006.0,0.4136986301369863,Berlin
Zehlendorf  Südwest,4.0,26416.6,0.5704109589041095,Berlin
Zehlendorf  Südwest,6.0,3900.0,0.0712328767123287,Berlin
Zehlendorf  Südwest,16.0,20040.0,0.915068493150685,Berlin
nördliche Luisenstadt,1.0,20629.146853146853,0.7807069642686082,Berlin
nördliche Luisenstadt,2.0,29992.72972972973,0.837319511292114,Berlin
nördliche Luisenstadt,3.0,35692.454545454544,0.6280199252801992,Berlin
nördliche Luisenstadt,4.0,25003.285714285717,0.4493150684931506,Berlin
nördliche Luisenstadt,5.0,78638.5,0.815068493150685,Berlin
nördliche Luisenstadt,6.0,38261.75,0.7356164383561644,Berlin
nördliche Luisenstadt,8.0,34258.0,0.5123287671232877,Berlin
südliche Luisenstadt,1.0,22458.201030927838,0.8230475921480017,Berlin
südliche Luisenstadt,2.0,30088.17105263158,0.7147440519105984,Berlin
südliche Luisenstadt,3.0,37538.84210526316,0.6806056236481616,Berlin
südliche Luisenstadt,4.0,35253.92857142857,0.7240704500978473,Berlin
südliche Luisenstadt,5.0,29957.75,0.5856164383561644,Berlin
südliche Luisenstadt,6.0,60445.0,0.8547945205479452,Berlin
südliche Luisenstadt,7.0,46169.0,0.8863013698630137,Berlin
südliche Luisenstadt,8.0,64468.0,0.6219178082191781,Berlin
südliche Luisenstadt,10.0,14768.0,0.1424657534246575,Berlin
südliche Luisenstadt,14.0,48564.0,0.4684931506849315,Berlin
I Centro Storico,1.0,27666.995930574623,0.4983335437783933,Rome
I Centro Storico,2.0,34152.938087945746,0.4961253644926472,Rome
I Centro Storico,3.0,42538.09551170858,0.4953438914564744,Rome
I Centro Storico,4.0,46569.01573275862,0.5004700047236655,Rome
I Centro Storico,5.0,54860.60722222222,0.4936742770167427,Rome
I Centro Storico,6.0,53893.26190476191,0.4791409503738271,Rome
I Centro Storico,7.0,63433.61778846154,0.5142781875658587,Rome
I Centro Storico,8.0,62079.755208333336,0.4204908675799086,Rome
I Centro Storico,9.0,74289.85714285714,0.5087279843444227,Rome
I Centro Storico,10.0,61671.77857142857,0.4942465753424657,Rome
I Centro Storico,11.0,57608.45,0.3839269406392694,Rome
I Centro Storico,12.0,44932.15625,0.385958904109589,Rome
I Centro Storico,13.0,79496.8,0.5895890410958904,Rome
I Centro Storico,14.0,100785.1875,0.5390410958904109,Rome
I Centro Storico,15.0,82930.8125,0.7643835616438356,Rome
I Centro Storico,16.0,58225.75,0.3114155251141552,Rome
I Centro Storico,22.0,41412.375,0.7068493150684931,Rome
I Centro Storico,24.0,52532.16666666666,0.341552511415525,Rome
I Centro Storico,38.0,102450.0,0.547945205479452,Rome
II Parioli/Nomentano,1.0,18778.02356557377,0.5626693614791527,Rome
II Parioli/Nomentano,2.0,26085.00428082192,0.5378025896040534,Rome
II Parioli/Nomentano,3.0,30904.668388429756,0.5216234574889619,Rome
II Parioli/Nomentano,4.0,30775.9197080292,0.4567743225677432,Rome
II Parioli/Nomentano,5.0,36213.0,0.4866849315068492,Rome
II Parioli/Nomentano,6.0,47561.61363636364,0.4986301369863014,Rome
II Parioli/Nomentano,7.0,36492.21153846154,0.4526870389884088,Rome
II Parioli/Nomentano,8.0,38554.5625,0.4027397260273972,Rome
II Parioli/Nomentano,9.0,24177.05,0.4054794520547945,Rome
II Parioli/Nomentano,10.0,71890.41666666667,0.4547945205479452,Rome
II Parioli/Nomentano,11.0,27010.0,1.0,Rome
II Parioli/Nomentano,12.0,15499.0,0.2068493150684931,Rome
II Parioli/Nomentano,14.0,9732.75,0.0520547945205479,Rome
II Parioli/Nomentano,16.0,28686.0,0.1534246575342465,Rome
III Monte Sacro,1.0,14470.97435897436,0.5022479803301722,Rome
III Monte Sacro,2.0,19164.877083333333,0.5361187214611872,Rome
III Monte Sacro,3.0,14213.851851851852,0.48701166920345,Rome
III Monte Sacro,4.0,27218.172413793105,0.6563060935285782,Rome
III Monte Sacro,5.0,19502.666666666668,0.4687975646879757,Rome
III Monte Sacro,6.0,38004.02272727273,0.7207970112079702,Rome
III Monte Sacro,7.0,32503.75,0.476027397260274,Rome
III Monte Sacro,9.0,94103.5,0.6273972602739726,Rome
III Monte Sacro,10.0,24588.0,0.1315068493150684,Rome
III Monte Sacro,12.0,2561.25,0.0136986301369863,Rome
III Monte Sacro,14.0,4610.25,0.0246575342465753,Rome
IV Tiburtina,1.0,12551.4452247191,0.5554255810374018,Rome
IV Tiburtina,2.0,15046.719798657718,0.4900064355980509,Rome
IV Tiburtina,3.0,23255.93085106383,0.6357330224424366,Rome
IV Tiburtina,4.0,22694.970588235294,0.5672844480257857,Rome
IV Tiburtina,5.0,32229.93333333333,0.7168949771689498,Rome
IV Tiburtina,6.0,12211.75,0.3246575342465753,Rome
IV Tiburtina,8.0,15904.714285714286,0.1655577299412916,Rome
IV Tiburtina,9.0,28350.0,0.410958904109589,Rome
IV Tiburtina,16.0,8196.0,0.0438356164383561,Rome
IX Eur,1.0,15274.822429906542,0.512482396620151,Rome
IX Eur,2.0,29617.155963302757,0.5064471534497926,Rome
IX Eur,3.0,18110.103448275862,0.4710439300897497,Rome
IX Eur,4.0,24785.541666666668,0.519634703196347,Rome
IX Eur,5.0,39384.44230769231,0.4320337197049525,Rome
IX Eur,6.0,15443.875,0.3949771689497716,Rome
IX Eur,7.0,18387.0,0.273972602739726,Rome
IX Eur,8.0,13115.0,0.589041095890411,Rome
IX Eur,9.0,3000.0,0.0328767123287671,Rome
IX Eur,18.0,32271.75,0.1726027397260274,Rome
IX Eur,19.0,29710.5,0.1589041095890411,Rome
V Prenestino/Centocelle,1.0,13838.357638888889,0.567275494672755,Rome
V Prenestino/Centocelle,2.0,15917.174267100978,0.5154254607112578,Rome
V Prenestino/Centocelle,3.0,21577.113425925927,0.5233637747336377,Rome
V Prenestino/Centocelle,4.0,13734.489795918367,0.4049203242941012,Rome
V Prenestino/Centocelle,5.0,17986.214285714286,0.6802348336594912,Rome
V Prenestino/Centocelle,6.0,27496.45833333333,0.4317351598173516,Rome
V Prenestino/Centocelle,7.0,33955.45,0.3512328767123287,Rome
V Prenestino/Centocelle,8.0,11791.5,0.4397260273972603,Rome
V Prenestino/Centocelle,9.0,43500.0,0.2383561643835616,Rome
VI Roma delle Torri,1.0,13066.790816326533,0.5281520827509085,Rome
VI Roma delle Torri,2.0,12721.58064516129,0.4493592576226248,Rome
VI Roma delle Torri,3.0,18581.541666666668,0.5471461187214612,Rome
VI Roma delle Torri,4.0,14107.214285714286,0.6144814090019569,Rome
VI Roma delle Torri,5.0,26680.5,0.5979452054794521,Rome
VI Roma delle Torri,7.0,1400.0,0.0191780821917808,Rome
VI Roma delle Torri,8.0,72480.0,0.4136986301369863,Rome
VI Roma delle Torri,14.0,19465.5,0.1041095890410958,Rome
VII San Giovanni/Cinecittà,1.0,16336.02937062937,0.526245808985535,Rome
VII San Giovanni/Cinecittà,2.0,20170.859894921192,0.5597437804380683,Rome
VII San Giovanni/Cinecittà,3.0,22864.003663003663,0.522524963620854,Rome
VII San Giovanni/Cinecittà,4.0,30379.85714285714,0.5554990215264188,Rome
VII San Giovanni/Cinecittà,5.0,31454.825,0.4812328767123288,Rome
VII San Giovanni/Cinecittà,6.0,32516.451612903227,0.5003093239063191,Rome
VII San Giovanni/Cinecittà,7.0,25462.0,0.3191780821917808,Rome
VII San Giovanni/Cinecittà,8.0,40742.75,0.4568493150684931,Rome
VII San Giovanni/Cinecittà,9.0,23051.25,0.1232876712328767,Rome
VII San Giovanni/Cinecittà,10.0,992.0,0.0876712328767123,Rome
VII San Giovanni/Cinecittà,11.0,97097.5,0.763013698630137,Rome
VII San Giovanni/Cinecittà,12.0,46168.5,0.5712328767123288,Rome
VII San Giovanni/Cinecittà,13.0,50196.0,0.3575342465753424,Rome
VII San Giovanni/Cinecittà,14.0,10757.25,0.0575342465753424,Rome
VII San Giovanni/Cinecittà,15.0,38116.5,0.2063926940639268,Rome
VII San Giovanni/Cinecittà,18.0,146000.0,1.0,Rome
VII San Giovanni/Cinecittà,19.0,87594.75,0.4684931506849315,Rome
VIII Appia Antica,1.0,16481.078020134228,0.5533327204192332,Rome
VIII Appia Antica,2.0,20967.94868995633,0.5485673266734462,Rome
VIII Appia Antica,3.0,24768.67553191489,0.5898863305158846,Rome
VIII Appia Antica,4.0,33322.59090909091,0.5179742631797426,Rome
VIII Appia Antica,5.0,37718.46428571428,0.7476842791911286,Rome
VIII Appia Antica,6.0,44354.75,0.6443835616438356,Rome
VIII Appia Antica,7.0,8680.5,0.1967123287671233,Rome
VIII Appia Antica,8.0,186971.25,1.0,Rome
VIII Appia Antica,10.0,63602.5,0.821917808219178,Rome
VIII Appia Antica,13.0,3585.75,0.0191780821917808,Rome
VIII Appia Antica,15.0,48151.5,0.2575342465753424,Rome
VIII Appia Antica,17.0,39780.0,0.2794520547945205,Rome
X Ostia/Acilia,1.0,18056.7123655914,0.5527029017528355,Rome
X Ostia/Acilia,2.0,17588.340534979423,0.5067591183268505,Rome
X Ostia/Acilia,3.0,19416.68269230769,0.5059220231822972,Rome
X Ostia/Acilia,4.0,19517.959375,0.4963356164383561,Rome
X Ostia/Acilia,5.0,26638.0078125,0.4742294520547945,Rome
X Ostia/Acilia,6.0,23565.30769230769,0.3390937829293994,Rome
X Ostia/Acilia,7.0,56678.0,0.6705479452054794,Rome
X Ostia/Acilia,8.0,40874.0,0.4476712328767123,Rome
X Ostia/Acilia,9.0,15180.0,0.1890410958904109,Rome
X Ostia/Acilia,10.0,9520.0,0.0931506849315068,Rome
X Ostia/Acilia,11.0,4845.0,0.1397260273972602,Rome
XI Arvalia/Portuense,1.0,14318.051767676769,0.5062681610626816,Rome
XI Arvalia/Portuense,2.0,18411.975,0.50840885142255,Rome
XI Arvalia/Portuense,3.0,19338.90357142857,0.4715851272015656,Rome
XI Arvalia/Portuense,4.0,17387.333333333332,0.4482496194824962,Rome
XI Arvalia/Portuense,5.0,14621.214285714286,0.4025440313111545,Rome
XI Arvalia/Portuense,6.0,21424.555555555555,0.4563165905631658,Rome
XI Arvalia/Portuense,7.0,27754.5,0.5445205479452054,Rome
XI Arvalia/Portuense,8.0,5550.0,0.1013698630136986,Rome
XI Arvalia/Portuense,16.0,24200.0,0.1506849315068493,Rome
XII Monte Verde,1.0,16028.042960662526,0.5130491505714854,Rome
XII Monte Verde,2.0,23045.984728506788,0.547709663422798,Rome
XII Monte Verde,3.0,25405.724860335195,0.5064054488405908,Rome
XII Monte Verde,4.0,29812.75,0.5540433053468846,Rome
XII Monte Verde,5.0,32679.622093023256,0.5213762344695763,Rome
XII Monte Verde,6.0,33292.07407407407,0.4670725520040589,Rome
XII Monte Verde,7.0,41608.66666666666,0.4442922374429223,Rome
XII Monte Verde,8.0,35136.375,0.273972602739726,Rome
XII Monte Verde,10.0,53440.0,0.4054794520547945,Rome
XII Monte Verde,12.0,19102.5,0.2219178082191781,Rome
XIII Aurelia,1.0,19579.37853107345,0.5041766633129531,Rome
XIII Aurelia,2.0,23518.947340425533,0.4966890119498688,Rome
XIII Aurelia,3.0,30789.973180076628,0.4864535768645357,Rome
XIII Aurelia,4.0,32778.32532051282,0.5003688092729188,Rome
XIII Aurelia,5.0,29660.03813559322,0.4678430462038542,Rome
XIII Aurelia,6.0,41533.47115384616,0.5611169652265543,Rome
XIII Aurelia,7.0,46170.85294117647,0.585334407735697,Rome
XIII Aurelia,8.0,66028.625,0.6113013698630136,Rome
XIII Aurelia,9.0,61224.045454545456,0.3833125778331258,Rome
XIII Aurelia,10.0,66886.0,0.491324200913242,Rome
XIII Aurelia,11.0,100233.16666666669,0.6091324200913242,Rome
XIII Aurelia,12.0,98356.16666666669,0.6027397260273972,Rome
XIII Aurelia,13.0,89643.75,0.4794520547945205,Rome
XIII Aurelia,14.0,56399.083333333336,0.3579908675799086,Rome
XIII Aurelia,15.0,720.0,0.0328767123287671,Rome
XIII Aurelia,16.0,433.3333333333333,0.0237442922374429,Rome
XIII Aurelia,20.0,112695.0,0.6027397260273972,Rome
XIV Monte Mario,1.0,17750.885135135137,0.532884116993706,Rome
XIV Monte Mario,2.0,16882.661585365855,0.4477280320748412,Rome
XIV Monte Mario,3.0,22595.5,0.4763745543253894,Rome
XIV Monte Mario,4.0,19051.214285714286,0.4525929549902153,Rome
XIV Monte Mario,5.0,24759.486842105263,0.5254506128334535,Rome
XIV Monte Mario,6.0,29290.85714285714,0.3917808219178082,Rome
XIV Monte Mario,7.0,35062.0,0.2575342465753424,Rome
XIV Monte Mario,8.0,27425.0,0.2589041095890411,Rome
XIV Monte Mario,9.0,30044.0,0.2780821917808219,Rome
XV Cassia/Flaminia,1.0,14329.545454545454,0.4822415940224159,Rome
XV Cassia/Flaminia,2.0,14223.649635036496,0.3934406559344065,Rome
XV Cassia/Flaminia,3.0,22690.49568965517,0.3779877184695323,Rome
XV Cassia/Flaminia,4.0,24933.425,0.3828310502283105,Rome
XV Cassia/Flaminia,5.0,58025.1,0.5552511415525114,Rome
XV Cassia/Flaminia,6.0,25066.875,0.4695205479452055,Rome
XV Cassia/Flaminia,7.0,49554.25,0.5191780821917809,Rome
XV Cassia/Flaminia,9.0,48707.333333333336,0.3671232876712328,Rome
XV Cassia/Flaminia,10.0,103474.5,0.5534246575342465,Rome
XV Cassia/Flaminia,12.0,146503.5,0.7835616438356164,Rome
XV Cassia/Flaminia,13.0,47400.0,0.4328767123287671,Rome
XV Cassia/Flaminia,14.0,30735.0,0.1643835616438356,Rome
